Workbook
Name _______________________________________________sp01: '[1]2000년1월기준'!$B$7:$F$232
Name ______________________________________________sp01: '[2]2000년1월기준'!$B$7:$F$232
Name _____________________________________________sp01: '[3]2000년1월기준'!$B$7:$F$232
Name ____________________________________________sp01: '[3]2000년1월기준'!$B$7:$F$232
Name ___________________________________________sp01: '[3]2000년1월기준'!$B$7:$F$232
Name __________________________________________sp01: '[3]2000년1월기준'!$B$7:$F$232
Name _________________________________________sp01: '[3]2000년1월기준'!$B$7:$F$232
Name ________________________________________sp01: '[3]2000년1월기준'!$B$7:$F$232
Name _______________________________________sp01: '[3]2000년1월기준'!$B$7:$F$232
Name ______________________________________sp01: '[3]2000년1월기준'!$B$7:$F$232
Name _____________________________________sp01: '[3]2000년1월기준'!$B$7:$F$232
Name ____________________________________sp01: '[3]2000년1월기준'!$B$7:$F$232
Name ___________________________________sp01: '[3]2000년1월기준'!$B$7:$F$232
Name __________________________________sp01: '[3]2000년1월기준'!$B$7:$F$232
Name _________________________________sp01: '[3]2000년1월기준'!$B$7:$F$232
Name ________________________________sp01: '[3]2000년1월기준'!$B$7:$F$232
Name _______________________________sp01: '[3]2000년1월기준'!$B$7:$F$232
Name ______________________________sp01: '[3]2000년1월기준'!$B$7:$F$232
Name _____________________________sp01: '[3]2000년1월기준'!$B$7:$F$232
Name ____________________________sp01: '[3]2000년1월기준'!$B$7:$F$232
Name ___________________________sp01: '[3]2000년1월기준'!$B$7:$F$232
Name __________________________sp01: '[3]2000년1월기준'!$B$7:$F$232
Name _________________________sp01: '[3]2000년1월기준'!$B$7:$F$232
Name ________________________sp01: '[3]2000년1월기준'!$B$7:$F$232
Name _______________________sp01: '[3]2000년1월기준'!$B$7:$F$232
Name ______________________sp01: '[3]2000년1월기준'!$B$7:$F$232
Name _____________________sp01: '[3]2000년1월기준'!$B$7:$F$232
Name ____________________sp01: '[3]2000년1월기준'!$B$7:$F$232
Name ___________________sp01: '[3]2000년1월기준'!$B$7:$F$232
Name __________________sp01: '[3]2000년1월기준'!$B$7:$F$232
Name _________________RAW1: '[4]원료가격(AT순서)'!$A$5:$O$79
Name _________________sp01: '[3]2000년1월기준'!$B$7:$F$232
Name ________________raw2: '[5]CJ Code 기준'!$A$1:$D$444
Name ________________sp01: '[3]2000년1월기준'!$B$7:$F$232
Name _______________RAW1: '[4]원료가격(AT순서)'!$A$5:$O$79
Name _______________raw2: '[6]CJ Code 기준'!$A$1:$D$445
Name _______________raw4: '[6]CJ Code 기준'!$A$1:$D$444
Name _______________sp01: '[1]2000년1월기준'!$B$7:$F$232
Name ______________raw2: '[5]CJ Code 기준'!$A$1:$D$444
Name ______________raw4: '[6]CJ Code 기준'!$A$1:$D$444
Name ______________sp01: '[1]2000년1월기준'!$B$7:$F$232
Name _____________raw2: '[6]CJ Code 기준'!$A$1:$D$445
Name _____________raw4: '[6]CJ Code 기준'!$A$1:$D$444
Name _____________sp01: '[1]2000년1월기준'!$B$7:$F$232
Name ____________raw2: '[6]CJ Code 기준'!$A$1:$D$445
Name ____________raw4: '[6]CJ Code 기준'!$A$1:$D$444
Name ____________sp01: '[1]2000년1월기준'!$B$7:$F$232
Name ___________RAW1: '[7]원료가격(AT순서)'!$A$5:$O$79
Name ___________raw2: '[6]CJ Code 기준'!$A$1:$D$445
Name ___________raw4: '[6]CJ Code 기준'!$A$1:$D$444
Name ___________sp01: '[1]2000년1월기준'!$B$7:$F$232
Name __________DAT100: '[8]2004'!$CX$2:$CX$61
Name __________DAT101: '[8]2004'!$CY$2:$CY$61
Name __________DAT102: '[8]2004'!$CZ$2:$CZ$61
Name __________DAT103: '[8]2004'!$DA$2:$DA$61
Name __________DAT104: '[8]2004'!$DB$2:$DB$61
Name __________DAT105: '[8]2004'!$DC$2:$DC$61
Name __________DAT106: '[8]2004'!$DD$2:$DD$61
Name __________DAT107: '[8]2004'!$DE$2:$DE$61
Name __________DAT108: '[8]2004'!$DF$2:$DF$61

Sheet 생산일지(분쇄1)(MES)
E2: 1 | O2: 작성 | Q2: 검토 | S2: 승인
B6: 담 당 | N6: 일 자 : | V6: ← 해당 행은 건들지 마세요
B8: 순번 | C8: 원료명 | F8: 분쇄 시간 | I8: 스크린(Φ) | K8: SILO/BIN | M8: INV (%) | N8: 피더 (%) | O8: 부하 (A) | P8: 분쇄 단파 | Q8: 집진 단파 | R8: 집진 단파 | S8: 분쇄량 | T8: 생산성
F9: 개시 | G9: 종료 | H9: 총 | I9: 전면 | J9: 후면 | K9: 인출 | L9: 투입
B10: 1 | S10: =IFERROR(INDEX('[93]분쇄(백데이터)'!T$6:T$3093,1/LARGE(INDEX(('[93]분쇄(백데이터)'!$B$6:$B$3093='생산일지(분쇄1)(MES)'!$P$6)*('[93]분쇄(백데이터)'!$C$6:$C$3093='생산일지(분쇄1)(MES)'!$E$2)/ROW('[93]분쇄(백데이터)'!$A$6:$A$3093),),ROW('[93]분쇄(백데이터)'!P1))-5),"") | T10: =IFERROR(INDEX('[93]분쇄(백데이터)'!U$6:U$3093,1/LARGE(INDEX(('[93]분쇄(백데이터)'!$B$6:$B$3093='생산일지(분쇄1)(MES)'!$P$6)*('[93]분쇄(백데이터)'!$C$6:$C$3093='생산일지(분쇄1)(MES)'!$E$2)/ROW('[93]분쇄(백데이터)'!$A$6:$A$3093),),ROW('[93]분쇄(백데이터)'!Q1))-5),"")
B11: 2 | S11: =IFERROR(INDEX('[93]분쇄(백데이터)'!T$6:T$3093,1/LARGE(INDEX(('[93]분쇄(백데이터)'!$B$6:$B$3093='생산일지(분쇄1)(MES)'!$P$6)*('[93]분쇄(백데이터)'!$C$6:$C$3093='생산일지(분쇄1)(MES)'!$E$2)/ROW('[93]분쇄(백데이터)'!$A$6:$A$3093),),ROW('[93]분쇄(백데이터)'!P2))-5),"") | T11: =IFERROR(INDEX('[93]분쇄(백데이터)'!U$6:U$3093,1/LARGE(INDEX(('[93]분쇄(백데이터)'!$B$6:$B$3093='생산일지(분쇄1)(MES)'!$P$6)*('[93]분쇄(백데이터)'!$C$6:$C$3093='생산일지(분쇄1)(MES)'!$E$2)/ROW('[93]분쇄(백데이터)'!$A$6:$A$3093),),ROW('[93]분쇄(백데이터)'!Q2))-5),"")
B12: 3 | S12: =IFERROR(INDEX('[93]분쇄(백데이터)'!T$6:T$3093,1/LARGE(INDEX(('[93]분쇄(백데이터)'!$B$6:$B$3093='생산일지(분쇄1)(MES)'!$P$6)*('[93]분쇄(백데이터)'!$C$6:$C$3093='생산일지(분쇄1)(MES)'!$E$2)/ROW('[93]분쇄(백데이터)'!$A$6:$A$3093),),ROW('[93]분쇄(백데이터)'!P3))-5),"") | T12: =IFERROR(INDEX('[93]분쇄(백데이터)'!U$6:U$3093,1/LARGE(INDEX(('[93]분쇄(백데이터)'!$B$6:$B$3093='생산일지(분쇄1)(MES)'!$P$6)*('[93]분쇄(백데이터)'!$C$6:$C$3093='생산일지(분쇄1)(MES)'!$E$2)/ROW('[93]분쇄(백데이터)'!$A$6:$A$3093),),ROW('[93]분쇄(백데이터)'!Q3))-5),"")
B13: 4 | S13: =IFERROR(INDEX('[93]분쇄(백데이터)'!T$6:T$3093,1/LARGE(INDEX(('[93]분쇄(백데이터)'!$B$6:$B$3093='생산일지(분쇄1)(MES)'!$P$6)*('[93]분쇄(백데이터)'!$C$6:$C$3093='생산일지(분쇄1)(MES)'!$E$2)/ROW('[93]분쇄(백데이터)'!$A$6:$A$3093),),ROW('[93]분쇄(백데이터)'!P4))-5),"") | T13: =IFERROR(INDEX('[93]분쇄(백데이터)'!U$6:U$3093,1/LARGE(INDEX(('[93]분쇄(백데이터)'!$B$6:$B$3093='생산일지(분쇄1)(MES)'!$P$6)*('[93]분쇄(백데이터)'!$C$6:$C$3093='생산일지(분쇄1)(MES)'!$E$2)/ROW('[93]분쇄(백데이터)'!$A$6:$A$3093),),ROW('[93]분쇄(백데이터)'!Q4))-5),"")
B14: 5 | S14: =IFERROR(INDEX('[93]분쇄(백데이터)'!T$6:T$3093,1/LARGE(INDEX(('[93]분쇄(백데이터)'!$B$6:$B$3093='생산일지(분쇄1)(MES)'!$P$6)*('[93]분쇄(백데이터)'!$C$6:$C$3093='생산일지(분쇄1)(MES)'!$E$2)/ROW('[93]분쇄(백데이터)'!$A$6:$A$3093),),ROW('[93]분쇄(백데이터)'!P5))-5),"") | T14: =IFERROR(INDEX('[93]분쇄(백데이터)'!U$6:U$3093,1/LARGE(INDEX(('[93]분쇄(백데이터)'!$B$6:$B$3093='생산일지(분쇄1)(MES)'!$P$6)*('[93]분쇄(백데이터)'!$C$6:$C$3093='생산일지(분쇄1)(MES)'!$E$2)/ROW('[93]분쇄(백데이터)'!$A$6:$A$3093),),ROW('[93]분쇄(백데이터)'!Q5))-5),"")
B15: 6 | S15: =IFERROR(INDEX('[93]분쇄(백데이터)'!T$6:T$3093,1/LARGE(INDEX(('[93]분쇄(백데이터)'!$B$6:$B$3093='생산일지(분쇄1)(MES)'!$P$6)*('[93]분쇄(백데이터)'!$C$6:$C$3093='생산일지(분쇄1)(MES)'!$E$2)/ROW('[93]분쇄(백데이터)'!$A$6:$A$3093),),ROW('[93]분쇄(백데이터)'!P6))-5),"") | T15: =IFERROR(INDEX('[93]분쇄(백데이터)'!U$6:U$3093,1/LARGE(INDEX(('[93]분쇄(백데이터)'!$B$6:$B$3093='생산일지(분쇄1)(MES)'!$P$6)*('[93]분쇄(백데이터)'!$C$6:$C$3093='생산일지(분쇄1)(MES)'!$E$2)/ROW('[93]분쇄(백데이터)'!$A$6:$A$3093),),ROW('[93]분쇄(백데이터)'!Q6))-5),"")
B16: 7 | S16: =IFERROR(INDEX('[93]분쇄(백데이터)'!T$6:T$3093,1/LARGE(INDEX(('[93]분쇄(백데이터)'!$B$6:$B$3093='생산일지(분쇄1)(MES)'!$P$6)*('[93]분쇄(백데이터)'!$C$6:$C$3093='생산일지(분쇄1)(MES)'!$E$2)/ROW('[93]분쇄(백데이터)'!$A$6:$A$3093),),ROW('[93]분쇄(백데이터)'!P7))-5),"") | T16: =IFERROR(INDEX('[93]분쇄(백데이터)'!U$6:U$3093,1/LARGE(INDEX(('[93]분쇄(백데이터)'!$B$6:$B$3093='생산일지(분쇄1)(MES)'!$P$6)*('[93]분쇄(백데이터)'!$C$6:$C$3093='생산일지(분쇄1)(MES)'!$E$2)/ROW('[93]분쇄(백데이터)'!$A$6:$A$3093),),ROW('[93]분쇄(백데이터)'!Q7))-5),"")
B17: 8 | S17: =IFERROR(INDEX('[93]분쇄(백데이터)'!T$6:T$3093,1/LARGE(INDEX(('[93]분쇄(백데이터)'!$B$6:$B$3093='생산일지(분쇄1)(MES)'!$P$6)*('[93]분쇄(백데이터)'!$C$6:$C$3093='생산일지(분쇄1)(MES)'!$E$2)/ROW('[93]분쇄(백데이터)'!$A$6:$A$3093),),ROW('[93]분쇄(백데이터)'!P8))-5),"") | T17: =IFERROR(INDEX('[93]분쇄(백데이터)'!U$6:U$3093,1/LARGE(INDEX(('[93]분쇄(백데이터)'!$B$6:$B$3093='생산일지(분쇄1)(MES)'!$P$6)*('[93]분쇄(백데이터)'!$C$6:$C$3093='생산일지(분쇄1)(MES)'!$E$2)/ROW('[93]분쇄(백데이터)'!$A$6:$A$3093),),ROW('[93]분쇄(백데이터)'!Q8))-5),"")
B18: 9 | S18: =IFERROR(INDEX('[93]분쇄(백데이터)'!T$6:T$3093,1/LARGE(INDEX(('[93]분쇄(백데이터)'!$B$6:$B$3093='생산일지(분쇄1)(MES)'!$P$6)*('[93]분쇄(백데이터)'!$C$6:$C$3093='생산일지(분쇄1)(MES)'!$E$2)/ROW('[93]분쇄(백데이터)'!$A$6:$A$3093),),ROW('[93]분쇄(백데이터)'!P9))-5),"") | T18: =IFERROR(INDEX('[93]분쇄(백데이터)'!U$6:U$3093,1/LARGE(INDEX(('[93]분쇄(백데이터)'!$B$6:$B$3093='생산일지(분쇄1)(MES)'!$P$6)*('[93]분쇄(백데이터)'!$C$6:$C$3093='생산일지(분쇄1)(MES)'!$E$2)/ROW('[93]분쇄(백데이터)'!$A$6:$A$3093),),ROW('[93]분쇄(백데이터)'!Q9))-5),"")
B19: 10 | S19: =IFERROR(INDEX('[93]분쇄(백데이터)'!T$6:T$3093,1/LARGE(INDEX(('[93]분쇄(백데이터)'!$B$6:$B$3093='생산일지(분쇄1)(MES)'!$P$6)*('[93]분쇄(백데이터)'!$C$6:$C$3093='생산일지(분쇄1)(MES)'!$E$2)/ROW('[93]분쇄(백데이터)'!$A$6:$A$3093),),ROW('[93]분쇄(백데이터)'!P10))-5),"") | T19: =IFERROR(INDEX('[93]분쇄(백데이터)'!U$6:U$3093,1/LARGE(INDEX(('[93]분쇄(백데이터)'!$B$6:$B$3093='생산일지(분쇄1)(MES)'!$P$6)*('[93]분쇄(백데이터)'!$C$6:$C$3093='생산일지(분쇄1)(MES)'!$E$2)/ROW('[93]분쇄(백데이터)'!$A$6:$A$3093),),ROW('[93]분쇄(백데이터)'!Q10))-5),"")
B20: 11 | S20: =IFERROR(INDEX('[93]분쇄(백데이터)'!T$6:T$3093,1/LARGE(INDEX(('[93]분쇄(백데이터)'!$B$6:$B$3093='생산일지(분쇄1)(MES)'!$P$6)*('[93]분쇄(백데이터)'!$C$6:$C$3093='생산일지(분쇄1)(MES)'!$E$2)/ROW('[93]분쇄(백데이터)'!$A$6:$A$3093),),ROW('[93]분쇄(백데이터)'!P11))-5),"") | T20: =IFERROR(INDEX('[93]분쇄(백데이터)'!U$6:U$3093,1/LARGE(INDEX(('[93]분쇄(백데이터)'!$B$6:$B$3093='생산일지(분쇄1)(MES)'!$P$6)*('[93]분쇄(백데이터)'!$C$6:$C$3093='생산일지(분쇄1)(MES)'!$E$2)/ROW('[93]분쇄(백데이터)'!$A$6:$A$3093),),ROW('[93]분쇄(백데이터)'!Q11))-5),"")
B21: 12 | S21: =IFERROR(INDEX('[93]분쇄(백데이터)'!T$6:T$3093,1/LARGE(INDEX(('[93]분쇄(백데이터)'!$B$6:$B$3093='생산일지(분쇄1)(MES)'!$P$6)*('[93]분쇄(백데이터)'!$C$6:$C$3093='생산일지(분쇄1)(MES)'!$E$2)/ROW('[93]분쇄(백데이터)'!$A$6:$A$3093),),ROW('[93]분쇄(백데이터)'!P12))-5),"") | T21: =IFERROR(INDEX('[93]분쇄(백데이터)'!U$6:U$3093,1/LARGE(INDEX(('[93]분쇄(백데이터)'!$B$6:$B$3093='생산일지(분쇄1)(MES)'!$P$6)*('[93]분쇄(백데이터)'!$C$6:$C$3093='생산일지(분쇄1)(MES)'!$E$2)/ROW('[93]분쇄(백데이터)'!$A$6:$A$3093),),ROW('[93]분쇄(백데이터)'!Q12))-5),"")
... B23: 14 | S23: =IFERROR(INDEX('[93]분쇄(백데이터)'!T$6:T$3093,1/LARGE(INDEX(('[93]분쇄(백데이터)'!$B$6:$B$3093='생산일지(분쇄1)(MES)'!$P$6)*('[93]분쇄(백데이터)'!$C$6:$C$3093='생산일지(분쇄1)(MES)'!$E$2)/ROW('[93]분쇄(백데이터)'!$A$6:$A$3093),),ROW('[93]분쇄(백데이터)'!P14))-5),"") | T23: =IFERROR(INDEX('[93]분쇄(백데이터)'!U$6:U$3093,1/LARGE(INDEX(('[93]분쇄(백데이터)'!$B$6:$B$3093='생산일지(분쇄1)(MES)'!$P$6)*('[93]분쇄(백데이터)'!$C$6:$C$3093='생산일지(분쇄1)(MES)'!$E$2)/ROW('[93]분쇄(백데이터)'!$A$6:$A$3093),),ROW('[93]분쇄(백데이터)'!Q14))-5),"")
B24: 15 | C24: =IFERROR(INDEX('[93]분쇄(백데이터)'!D$6:D$3093,1/LARGE(INDEX(('[93]분쇄(백데이터)'!$B$6:$B$3093='생산일지(분쇄1)(MES)'!$P$6)*('[93]분쇄(백데이터)'!$C$6:$C$3093='생산일지(분쇄1)(MES)'!$E$2)/ROW('[93]분쇄(백데이터)'!$A$6:$A$3093),),ROW('[93]분쇄(백데이터)'!B15))-5),"") | F24: =IFERROR(INDEX('[93]분쇄(백데이터)'!F$6:F$3093,1/LARGE(INDEX(('[93]분쇄(백데이터)'!$B$6:$B$3093='생산일지(분쇄1)(MES)'!$P$6)*('[93]분쇄(백데이터)'!$C$6:$C$3093='생산일지(분쇄1)(MES)'!$E$2)/ROW('[93]분쇄(백데이터)'!$A$6:$A$3093),),ROW('[93]분쇄(백데이터)'!B15))-5),"") | G24: =IFERROR(INDEX('[93]분쇄(백데이터)'!G$6:G$3093,1/LARGE(INDEX(('[93]분쇄(백데이터)'!$B$6:$B$3093='생산일지(분쇄1)(MES)'!$P$6)*('[93]분쇄(백데이터)'!$C$6:$C$3093='생산일지(분쇄1)(MES)'!$E$2)/ROW('[93]분쇄(백데이터)'!$A$6:$A$3093),),ROW('[93]분쇄(백데이터)'!B15))-5),"") | H24: =IFERROR(INDEX('[93]분쇄(백데이터)'!H$6:H$3093,1/LARGE(INDEX(('[93]분쇄(백데이터)'!$B$6:$B$3093='생산일지(분쇄1)(MES)'!$P$6)*('[93]분쇄(백데이터)'!$C$6:$C$3093='생산일지(분쇄1)(MES)'!$E$2)/ROW('[93]분쇄(백데이터)'!$A$6:$A$3093),),ROW('[93]분쇄(백데이터)'!D15))-5),"") | I24: =IFERROR(INDEX('[93]분쇄(백데이터)'!I$6:I$3093,1/LARGE(INDEX(('[93]분쇄(백데이터)'!$B$6:$B$3093='생산일지(분쇄1)(MES)'!$P$6)*('[93]분쇄(백데이터)'!$C$6:$C$3093='생산일지(분쇄1)(MES)'!$E$2)/ROW('[93]분쇄(백데이터)'!$A$6:$A$3093),),ROW('[93]분쇄(백데이터)'!F15))-5),"") | J24: =IFERROR(INDEX('[93]분쇄(백데이터)'!J$6:J$3093,1/LARGE(INDEX(('[93]분쇄(백데이터)'!$B$6:$B$3093='생산일지(분쇄1)(MES)'!$P$6)*('[93]분쇄(백데이터)'!$C$6:$C$3093='생산일지(분쇄1)(MES)'!$E$2)/ROW('[93]분쇄(백데이터)'!$A$6:$A$3093),),ROW('[93]분쇄(백데이터)'!G15))-5),"") | K24: =IFERROR(INDEX('[93]분쇄(백데이터)'!K$6:K$3093,1/LARGE(INDEX(('[93]분쇄(백데이터)'!$B$6:$B$3093='생산일지(분쇄1)(MES)'!$P$6)*('[93]분쇄(백데이터)'!$C$6:$C$3093='생산일지(분쇄1)(MES)'!$E$2)/ROW('[93]분쇄(백데이터)'!$A$6:$A$3093),),ROW('[93]분쇄(백데이터)'!H15))-5),"") | L24: =IFERROR(INDEX('[93]분쇄(백데이터)'!L$6:L$3093,1/LARGE(INDEX(('[93]분쇄(백데이터)'!$B$6:$B$3093='생산일지(분쇄1)(MES)'!$P$6)*('[93]분쇄(백데이터)'!$C$6:$C$3093='생산일지(분쇄1)(MES)'!$E$2)/ROW('[93]분쇄(백데이터)'!$A$6:$A$3093),),ROW('[93]분쇄(백데이터)'!I15))-5),"") | M24: =IFERROR(INDEX('[93]분쇄(백데이터)'!M$6:M$3093,1/LARGE(INDEX(('[93]분쇄(백데이터)'!$B$6:$B$3093='생산일지(분쇄1)(MES)'!$P$6)*('[93]분쇄(백데이터)'!$C$6:$C$3093='생산일지(분쇄1)(MES)'!$E$2)/ROW('[93]분쇄(백데이터)'!$A$6:$A$3093),),ROW('[93]분쇄(백데이터)'!J15))-5),"") | N24: =IFERROR(INDEX('[93]분쇄(백데이터)'!N$6:N$3093,1/LARGE(INDEX(('[93]분쇄(백데이터)'!$B$6:$B$3093='생산일지(분쇄1)(MES)'!$P$6)*('[93]분쇄(백데이터)'!$C$6:$C$3093='생산일지(분쇄1)(MES)'!$E$2)/ROW('[93]분쇄(백데이터)'!$A$6:$A$3093),),ROW('[93]분쇄(백데이터)'!K15))-5),"") | O24: =IFERROR(INDEX('[93]분쇄(백데이터)'!O$6:O$3093,1/LARGE(INDEX(('[93]분쇄(백데이터)'!$B$6:$B$3093='생산일지(분쇄1)(MES)'!$P$6)*('[93]분쇄(백데이터)'!$C$6:$C$3093='생산일지(분쇄1)(MES)'!$E$2)/ROW('[93]분쇄(백데이터)'!$A$6:$A$3093),),ROW('[93]분쇄(백데이터)'!L15))-5),"") | P24: =IFERROR(INDEX('[93]분쇄(백데이터)'!P$6:P$3093,1/LARGE(INDEX(('[93]분쇄(백데이터)'!$B$6:$B$3093='생산일지(분쇄1)(MES)'!$P$6)*('[93]분쇄(백데이터)'!$C$6:$C$3093='생산일지(분쇄1)(MES)'!$E$2)/ROW('[93]분쇄(백데이터)'!$A$6:$A$3093),),ROW('[93]분쇄(백데이터)'!M15))-5),"") | ... R24: =IFERROR(INDEX('[93]분쇄(백데이터)'!R$6:R$3093,1/LARGE(INDEX(('[93]분쇄(백데이터)'!$B$6:$B$3093='생산일지(분쇄1)(MES)'!$P$6)*('[93]분쇄(백데이터)'!$C$6:$C$3093='생산일지(분쇄1)(MES)'!$E$2)/ROW('[93]분쇄(백데이터)'!$A$6:$A$3093),),ROW('[93]분쇄(백데이터)'!O15))-5),"") | S24: =IFERROR(INDEX('[93]분쇄(백데이터)'!T$6:T$3093,1/LARGE(INDEX(('[93]분쇄(백데이터)'!$B$6:$B$3093='생산일지(분쇄1)(MES)'!$P$6)*('[93]분쇄(백데이터)'!$C$6:$C$3093='생산일지(분쇄1)(MES)'!$E$2)/ROW('[93]분쇄(백데이터)'!$A$6:$A$3093),),ROW('[93]분쇄(백데이터)'!P15))-5),"") | T24: =IFERROR(INDEX('[93]분쇄(백데이터)'!U$6:U$3093,1/LARGE(INDEX(('[93]분쇄(백데이터)'!$B$6:$B$3093='생산일지(분쇄1)(MES)'!$P$6)*('[93]분쇄(백데이터)'!$C$6:$C$3093='생산일지(분쇄1)(MES)'!$E$2)/ROW('[93]분쇄(백데이터)'!$A$6:$A$3093),),ROW('[93]분쇄(백데이터)'!Q15))-5),"")
B25: 16 | C25: =IFERROR(INDEX('[93]분쇄(백데이터)'!D$6:D$3093,1/LARGE(INDEX(('[93]분쇄(백데이터)'!$B$6:$B$3093='생산일지(분쇄1)(MES)'!$P$6)*('[93]분쇄(백데이터)'!$C$6:$C$3093='생산일지(분쇄1)(MES)'!$E$2)/ROW('[93]분쇄(백데이터)'!$A$6:$A$3093),),ROW('[93]분쇄(백데이터)'!B16))-5),"") | F25: =IFERROR(INDEX('[93]분쇄(백데이터)'!F$6:F$3093,1/LARGE(INDEX(('[93]분쇄(백데이터)'!$B$6:$B$3093='생산일지(분쇄1)(MES)'!$P$6)*('[93]분쇄(백데이터)'!$C$6:$C$3093='생산일지(분쇄1)(MES)'!$E$2)/ROW('[93]분쇄(백데이터)'!$A$6:$A$3093),),ROW('[93]분쇄(백데이터)'!B16))-5),"") | G25: =IFERROR(INDEX('[93]분쇄(백데이터)'!G$6:G$3093,1/LARGE(INDEX(('[93]분쇄(백데이터)'!$B$6:$B$3093='생산일지(분쇄1)(MES)'!$P$6)*('[93]분쇄(백데이터)'!$C$6:$C$3093='생산일지(분쇄1)(MES)'!$E$2)/ROW('[93]분쇄(백데이터)'!$A$6:$A$3093),),ROW('[93]분쇄(백데이터)'!B16))-5),"") | H25: =IFERROR(INDEX('[93]분쇄(백데이터)'!H$6:H$3093,1/LARGE(INDEX(('[93]분쇄(백데이터)'!$B$6:$B$3093='생산일지(분쇄1)(MES)'!$P$6)*('[93]분쇄(백데이터)'!$C$6:$C$3093='생산일지(분쇄1)(MES)'!$E$2)/ROW('[93]분쇄(백데이터)'!$A$6:$A$3093),),ROW('[93]분쇄(백데이터)'!D16))-5),"") | I25: =IFERROR(INDEX('[93]분쇄(백데이터)'!I$6:I$3093,1/LARGE(INDEX(('[93]분쇄(백데이터)'!$B$6:$B$3093='생산일지(분쇄1)(MES)'!$P$6)*('[93]분쇄(백데이터)'!$C$6:$C$3093='생산일지(분쇄1)(MES)'!$E$2)/ROW('[93]분쇄(백데이터)'!$A$6:$A$3093),),ROW('[93]분쇄(백데이터)'!F16))-5),"") | J25: =IFERROR(INDEX('[93]분쇄(백데이터)'!J$6:J$3093,1/LARGE(INDEX(('[93]분쇄(백데이터)'!$B$6:$B$3093='생산일지(분쇄1)(MES)'!$P$6)*('[93]분쇄(백데이터)'!$C$6:$C$3093='생산일지(분쇄1)(MES)'!$E$2)/ROW('[93]분쇄(백데이터)'!$A$6:$A$3093),),ROW('[93]분쇄(백데이터)'!G16))-5),"") | K25: =IFERROR(INDEX('[93]분쇄(백데이터)'!K$6:K$3093,1/LARGE(INDEX(('[93]분쇄(백데이터)'!$B$6:$B$3093='생산일지(분쇄1)(MES)'!$P$6)*('[93]분쇄(백데이터)'!$C$6:$C$3093='생산일지(분쇄1)(MES)'!$E$2)/ROW('[93]분쇄(백데이터)'!$A$6:$A$3093),),ROW('[93]분쇄(백데이터)'!H16))-5),"") | L25: =IFERROR(INDEX('[93]분쇄(백데이터)'!L$6:L$3093,1/LARGE(INDEX(('[93]분쇄(백데이터)'!$B$6:$B$3093='생산일지(분쇄1)(MES)'!$P$6)*('[93]분쇄(백데이터)'!$C$6:$C$3093='생산일지(분쇄1)(MES)'!$E$2)/ROW('[93]분쇄(백데이터)'!$A$6:$A$3093),),ROW('[93]분쇄(백데이터)'!I16))-5),"") | M25: =IFERROR(INDEX('[93]분쇄(백데이터)'!M$6:M$3093,1/LARGE(INDEX(('[93]분쇄(백데이터)'!$B$6:$B$3093='생산일지(분쇄1)(MES)'!$P$6)*('[93]분쇄(백데이터)'!$C$6:$C$3093='생산일지(분쇄1)(MES)'!$E$2)/ROW('[93]분쇄(백데이터)'!$A$6:$A$3093),),ROW('[93]분쇄(백데이터)'!J16))-5),"") | N25: =IFERROR(INDEX('[93]분쇄(백데이터)'!N$6:N$3093,1/LARGE(INDEX(('[93]분쇄(백데이터)'!$B$6:$B$3093='생산일지(분쇄1)(MES)'!$P$6)*('[93]분쇄(백데이터)'!$C$6:$C$3093='생산일지(분쇄1)(MES)'!$E$2)/ROW('[93]분쇄(백데이터)'!$A$6:$A$3093),),ROW('[93]분쇄(백데이터)'!K16))-5),"") | O25: =IFERROR(INDEX('[93]분쇄(백데이터)'!O$6:O$3093,1/LARGE(INDEX(('[93]분쇄(백데이터)'!$B$6:$B$3093='생산일지(분쇄1)(MES)'!$P$6)*('[93]분쇄(백데이터)'!$C$6:$C$3093='생산일지(분쇄1)(MES)'!$E$2)/ROW('[93]분쇄(백데이터)'!$A$6:$A$3093),),ROW('[93]분쇄(백데이터)'!L16))-5),"") | P25: =IFERROR(INDEX('[93]분쇄(백데이터)'!P$6:P$3093,1/LARGE(INDEX(('[93]분쇄(백데이터)'!$B$6:$B$3093='생산일지(분쇄1)(MES)'!$P$6)*('[93]분쇄(백데이터)'!$C$6:$C$3093='생산일지(분쇄1)(MES)'!$E$2)/ROW('[93]분쇄(백데이터)'!$A$6:$A$3093),),ROW('[93]분쇄(백데이터)'!M16))-5),"") | ... R25: =IFERROR(INDEX('[93]분쇄(백데이터)'!R$6:R$3093,1/LARGE(INDEX(('[93]분쇄(백데이터)'!$B$6:$B$3093='생산일지(분쇄1)(MES)'!$P$6)*('[93]분쇄(백데이터)'!$C$6:$C$3093='생산일지(분쇄1)(MES)'!$E$2)/ROW('[93]분쇄(백데이터)'!$A$6:$A$3093),),ROW('[93]분쇄(백데이터)'!O16))-5),"") | S25: =IFERROR(INDEX('[93]분쇄(백데이터)'!T$6:T$3093,1/LARGE(INDEX(('[93]분쇄(백데이터)'!$B$6:$B$3093='생산일지(분쇄1)(MES)'!$P$6)*('[93]분쇄(백데이터)'!$C$6:$C$3093='생산일지(분쇄1)(MES)'!$E$2)/ROW('[93]분쇄(백데이터)'!$A$6:$A$3093),),ROW('[93]분쇄(백데이터)'!P16))-5),"") | T25: =IFERROR(INDEX('[93]분쇄(백데이터)'!U$6:U$3093,1/LARGE(INDEX(('[93]분쇄(백데이터)'!$B$6:$B$3093='생산일지(분쇄1)(MES)'!$P$6)*('[93]분쇄(백데이터)'!$C$6:$C$3093='생산일지(분쇄1)(MES)'!$E$2)/ROW('[93]분쇄(백데이터)'!$A$6:$A$3093),),ROW('[93]분쇄(백데이터)'!Q16))-5),"")
B26: 17 | C26: =IFERROR(INDEX('[93]분쇄(백데이터)'!D$6:D$3093,1/LARGE(INDEX(('[93]분쇄(백데이터)'!$B$6:$B$3093='생산일지(분쇄1)(MES)'!$P$6)*('[93]분쇄(백데이터)'!$C$6:$C$3093='생산일지(분쇄1)(MES)'!$E$2)/ROW('[93]분쇄(백데이터)'!$A$6:$A$3093),),ROW('[93]분쇄(백데이터)'!B17))-5),"") | F26: =IFERROR(INDEX('[93]분쇄(백데이터)'!F$6:F$3093,1/LARGE(INDEX(('[93]분쇄(백데이터)'!$B$6:$B$3093='생산일지(분쇄1)(MES)'!$P$6)*('[93]분쇄(백데이터)'!$C$6:$C$3093='생산일지(분쇄1)(MES)'!$E$2)/ROW('[93]분쇄(백데이터)'!$A$6:$A$3093),),ROW('[93]분쇄(백데이터)'!B17))-5),"") | G26: =IFERROR(INDEX('[93]분쇄(백데이터)'!G$6:G$3093,1/LARGE(INDEX(('[93]분쇄(백데이터)'!$B$6:$B$3093='생산일지(분쇄1)(MES)'!$P$6)*('[93]분쇄(백데이터)'!$C$6:$C$3093='생산일지(분쇄1)(MES)'!$E$2)/ROW('[93]분쇄(백데이터)'!$A$6:$A$3093),),ROW('[93]분쇄(백데이터)'!B17))-5),"") | H26: =IFERROR(INDEX('[93]분쇄(백데이터)'!H$6:H$3093,1/LARGE(INDEX(('[93]분쇄(백데이터)'!$B$6:$B$3093='생산일지(분쇄1)(MES)'!$P$6)*('[93]분쇄(백데이터)'!$C$6:$C$3093='생산일지(분쇄1)(MES)'!$E$2)/ROW('[93]분쇄(백데이터)'!$A$6:$A$3093),),ROW('[93]분쇄(백데이터)'!D17))-5),"") | I26: =IFERROR(INDEX('[93]분쇄(백데이터)'!I$6:I$3093,1/LARGE(INDEX(('[93]분쇄(백데이터)'!$B$6:$B$3093='생산일지(분쇄1)(MES)'!$P$6)*('[93]분쇄(백데이터)'!$C$6:$C$3093='생산일지(분쇄1)(MES)'!$E$2)/ROW('[93]분쇄(백데이터)'!$A$6:$A$3093),),ROW('[93]분쇄(백데이터)'!F17))-5),"") | J26: =IFERROR(INDEX('[93]분쇄(백데이터)'!J$6:J$3093,1/LARGE(INDEX(('[93]분쇄(백데이터)'!$B$6:$B$3093='생산일지(분쇄1)(MES)'!$P$6)*('[93]분쇄(백데이터)'!$C$6:$C$3093='생산일지(분쇄1)(MES)'!$E$2)/ROW('[93]분쇄(백데이터)'!$A$6:$A$3093),),ROW('[93]분쇄(백데이터)'!G17))-5),"") | K26: =IFERROR(INDEX('[93]분쇄(백데이터)'!K$6:K$3093,1/LARGE(INDEX(('[93]분쇄(백데이터)'!$B$6:$B$3093='생산일지(분쇄1)(MES)'!$P$6)*('[93]분쇄(백데이터)'!$C$6:$C$3093='생산일지(분쇄1)(MES)'!$E$2)/ROW('[93]분쇄(백데이터)'!$A$6:$A$3093),),ROW('[93]분쇄(백데이터)'!H17))-5),"") | L26: =IFERROR(INDEX('[93]분쇄(백데이터)'!L$6:L$3093,1/LARGE(INDEX(('[93]분쇄(백데이터)'!$B$6:$B$3093='생산일지(분쇄1)(MES)'!$P$6)*('[93]분쇄(백데이터)'!$C$6:$C$3093='생산일지(분쇄1)(MES)'!$E$2)/ROW('[93]분쇄(백데이터)'!$A$6:$A$3093),),ROW('[93]분쇄(백데이터)'!I17))-5),"") | M26: =IFERROR(INDEX('[93]분쇄(백데이터)'!M$6:M$3093,1/LARGE(INDEX(('[93]분쇄(백데이터)'!$B$6:$B$3093='생산일지(분쇄1)(MES)'!$P$6)*('[93]분쇄(백데이터)'!$C$6:$C$3093='생산일지(분쇄1)(MES)'!$E$2)/ROW('[93]분쇄(백데이터)'!$A$6:$A$3093),),ROW('[93]분쇄(백데이터)'!J17))-5),"") | N26: =IFERROR(INDEX('[93]분쇄(백데이터)'!N$6:N$3093,1/LARGE(INDEX(('[93]분쇄(백데이터)'!$B$6:$B$3093='생산일지(분쇄1)(MES)'!$P$6)*('[93]분쇄(백데이터)'!$C$6:$C$3093='생산일지(분쇄1)(MES)'!$E$2)/ROW('[93]분쇄(백데이터)'!$A$6:$A$3093),),ROW('[93]분쇄(백데이터)'!K17))-5),"") | O26: =IFERROR(INDEX('[93]분쇄(백데이터)'!O$6:O$3093,1/LARGE(INDEX(('[93]분쇄(백데이터)'!$B$6:$B$3093='생산일지(분쇄1)(MES)'!$P$6)*('[93]분쇄(백데이터)'!$C$6:$C$3093='생산일지(분쇄1)(MES)'!$E$2)/ROW('[93]분쇄(백데이터)'!$A$6:$A$3093),),ROW('[93]분쇄(백데이터)'!L17))-5),"") | P26: =IFERROR(INDEX('[93]분쇄(백데이터)'!P$6:P$3093,1/LARGE(INDEX(('[93]분쇄(백데이터)'!$B$6:$B$3093='생산일지(분쇄1)(MES)'!$P$6)*('[93]분쇄(백데이터)'!$C$6:$C$3093='생산일지(분쇄1)(MES)'!$E$2)/ROW('[93]분쇄(백데이터)'!$A$6:$A$3093),),ROW('[93]분쇄(백데이터)'!M17))-5),"") | ... R26: =IFERROR(INDEX('[93]분쇄(백데이터)'!R$6:R$3093,1/LARGE(INDEX(('[93]분쇄(백데이터)'!$B$6:$B$3093='생산일지(분쇄1)(MES)'!$P$6)*('[93]분쇄(백데이터)'!$C$6:$C$3093='생산일지(분쇄1)(MES)'!$E$2)/ROW('[93]분쇄(백데이터)'!$A$6:$A$3093),),ROW('[93]분쇄(백데이터)'!O17))-5),"") | S26: =IFERROR(INDEX('[93]분쇄(백데이터)'!T$6:T$3093,1/LARGE(INDEX(('[93]분쇄(백데이터)'!$B$6:$B$3093='생산일지(분쇄1)(MES)'!$P$6)*('[93]분쇄(백데이터)'!$C$6:$C$3093='생산일지(분쇄1)(MES)'!$E$2)/ROW('[93]분쇄(백데이터)'!$A$6:$A$3093),),ROW('[93]분쇄(백데이터)'!P17))-5),"") | T26: =IFERROR(INDEX('[93]분쇄(백데이터)'!U$6:U$3093,1/LARGE(INDEX(('[93]분쇄(백데이터)'!$B$6:$B$3093='생산일지(분쇄1)(MES)'!$P$6)*('[93]분쇄(백데이터)'!$C$6:$C$3093='생산일지(분쇄1)(MES)'!$E$2)/ROW('[93]분쇄(백데이터)'!$A$6:$A$3093),),ROW('[93]분쇄(백데이터)'!Q17))-5),"")
B27: 18 | C27: =IFERROR(INDEX('[93]분쇄(백데이터)'!D$6:D$3093,1/LARGE(INDEX(('[93]분쇄(백데이터)'!$B$6:$B$3093='생산일지(분쇄1)(MES)'!$P$6)*('[93]분쇄(백데이터)'!$C$6:$C$3093='생산일지(분쇄1)(MES)'!$E$2)/ROW('[93]분쇄(백데이터)'!$A$6:$A$3093),),ROW('[93]분쇄(백데이터)'!B18))-5),"") | F27: =IFERROR(INDEX('[93]분쇄(백데이터)'!F$6:F$3093,1/LARGE(INDEX(('[93]분쇄(백데이터)'!$B$6:$B$3093='생산일지(분쇄1)(MES)'!$P$6)*('[93]분쇄(백데이터)'!$C$6:$C$3093='생산일지(분쇄1)(MES)'!$E$2)/ROW('[93]분쇄(백데이터)'!$A$6:$A$3093),),ROW('[93]분쇄(백데이터)'!B18))-5),"") | G27: =IFERROR(INDEX('[93]분쇄(백데이터)'!G$6:G$3093,1/LARGE(INDEX(('[93]분쇄(백데이터)'!$B$6:$B$3093='생산일지(분쇄1)(MES)'!$P$6)*('[93]분쇄(백데이터)'!$C$6:$C$3093='생산일지(분쇄1)(MES)'!$E$2)/ROW('[93]분쇄(백데이터)'!$A$6:$A$3093),),ROW('[93]분쇄(백데이터)'!B18))-5),"") | H27: =IFERROR(INDEX('[93]분쇄(백데이터)'!H$6:H$3093,1/LARGE(INDEX(('[93]분쇄(백데이터)'!$B$6:$B$3093='생산일지(분쇄1)(MES)'!$P$6)*('[93]분쇄(백데이터)'!$C$6:$C$3093='생산일지(분쇄1)(MES)'!$E$2)/ROW('[93]분쇄(백데이터)'!$A$6:$A$3093),),ROW('[93]분쇄(백데이터)'!D18))-5),"") | I27: =IFERROR(INDEX('[93]분쇄(백데이터)'!I$6:I$3093,1/LARGE(INDEX(('[93]분쇄(백데이터)'!$B$6:$B$3093='생산일지(분쇄1)(MES)'!$P$6)*('[93]분쇄(백데이터)'!$C$6:$C$3093='생산일지(분쇄1)(MES)'!$E$2)/ROW('[93]분쇄(백데이터)'!$A$6:$A$3093),),ROW('[93]분쇄(백데이터)'!F18))-5),"") | J27: =IFERROR(INDEX('[93]분쇄(백데이터)'!J$6:J$3093,1/LARGE(INDEX(('[93]분쇄(백데이터)'!$B$6:$B$3093='생산일지(분쇄1)(MES)'!$P$6)*('[93]분쇄(백데이터)'!$C$6:$C$3093='생산일지(분쇄1)(MES)'!$E$2)/ROW('[93]분쇄(백데이터)'!$A$6:$A$3093),),ROW('[93]분쇄(백데이터)'!G18))-5),"") | K27: =IFERROR(INDEX('[93]분쇄(백데이터)'!K$6:K$3093,1/LARGE(INDEX(('[93]분쇄(백데이터)'!$B$6:$B$3093='생산일지(분쇄1)(MES)'!$P$6)*('[93]분쇄(백데이터)'!$C$6:$C$3093='생산일지(분쇄1)(MES)'!$E$2)/ROW('[93]분쇄(백데이터)'!$A$6:$A$3093),),ROW('[93]분쇄(백데이터)'!H18))-5),"") | L27: =IFERROR(INDEX('[93]분쇄(백데이터)'!L$6:L$3093,1/LARGE(INDEX(('[93]분쇄(백데이터)'!$B$6:$B$3093='생산일지(분쇄1)(MES)'!$P$6)*('[93]분쇄(백데이터)'!$C$6:$C$3093='생산일지(분쇄1)(MES)'!$E$2)/ROW('[93]분쇄(백데이터)'!$A$6:$A$3093),),ROW('[93]분쇄(백데이터)'!I18))-5),"") | M27: =IFERROR(INDEX('[93]분쇄(백데이터)'!M$6:M$3093,1/LARGE(INDEX(('[93]분쇄(백데이터)'!$B$6:$B$3093='생산일지(분쇄1)(MES)'!$P$6)*('[93]분쇄(백데이터)'!$C$6:$C$3093='생산일지(분쇄1)(MES)'!$E$2)/ROW('[93]분쇄(백데이터)'!$A$6:$A$3093),),ROW('[93]분쇄(백데이터)'!J18))-5),"") | N27: =IFERROR(INDEX('[93]분쇄(백데이터)'!N$6:N$3093,1/LARGE(INDEX(('[93]분쇄(백데이터)'!$B$6:$B$3093='생산일지(분쇄1)(MES)'!$P$6)*('[93]분쇄(백데이터)'!$C$6:$C$3093='생산일지(분쇄1)(MES)'!$E$2)/ROW('[93]분쇄(백데이터)'!$A$6:$A$3093),),ROW('[93]분쇄(백데이터)'!K18))-5),"") | O27: =IFERROR(INDEX('[93]분쇄(백데이터)'!O$6:O$3093,1/LARGE(INDEX(('[93]분쇄(백데이터)'!$B$6:$B$3093='생산일지(분쇄1)(MES)'!$P$6)*('[93]분쇄(백데이터)'!$C$6:$C$3093='생산일지(분쇄1)(MES)'!$E$2)/ROW('[93]분쇄(백데이터)'!$A$6:$A$3093),),ROW('[93]분쇄(백데이터)'!L18))-5),"") | P27: =IFERROR(INDEX('[93]분쇄(백데이터)'!P$6:P$3093,1/LARGE(INDEX(('[93]분쇄(백데이터)'!$B$6:$B$3093='생산일지(분쇄1)(MES)'!$P$6)*('[93]분쇄(백데이터)'!$C$6:$C$3093='생산일지(분쇄1)(MES)'!$E$2)/ROW('[93]분쇄(백데이터)'!$A$6:$A$3093),),ROW('[93]분쇄(백데이터)'!M18))-5),"") | ... R27: =IFERROR(INDEX('[93]분쇄(백데이터)'!R$6:R$3093,1/LARGE(INDEX(('[93]분쇄(백데이터)'!$B$6:$B$3093='생산일지(분쇄1)(MES)'!$P$6)*('[93]분쇄(백데이터)'!$C$6:$C$3093='생산일지(분쇄1)(MES)'!$E$2)/ROW('[93]분쇄(백데이터)'!$A$6:$A$3093),),ROW('[93]분쇄(백데이터)'!O18))-5),"") | S27: =IFERROR(INDEX('[93]분쇄(백데이터)'!T$6:T$3093,1/LARGE(INDEX(('[93]분쇄(백데이터)'!$B$6:$B$3093='생산일지(분쇄1)(MES)'!$P$6)*('[93]분쇄(백데이터)'!$C$6:$C$3093='생산일지(분쇄1)(MES)'!$E$2)/ROW('[93]분쇄(백데이터)'!$A$6:$A$3093),),ROW('[93]분쇄(백데이터)'!P18))-5),"") | T27: =IFERROR(INDEX('[93]분쇄(백데이터)'!U$6:U$3093,1/LARGE(INDEX(('[93]분쇄(백데이터)'!$B$6:$B$3093='생산일지(분쇄1)(MES)'!$P$6)*('[93]분쇄(백데이터)'!$C$6:$C$3093='생산일지(분쇄1)(MES)'!$E$2)/ROW('[93]분쇄(백데이터)'!$A$6:$A$3093),),ROW('[93]분쇄(백데이터)'!Q18))-5),"")
B28: 19 | C28: =IFERROR(INDEX('[93]분쇄(백데이터)'!D$6:D$3093,1/LARGE(INDEX(('[93]분쇄(백데이터)'!$B$6:$B$3093='생산일지(분쇄1)(MES)'!$P$6)*('[93]분쇄(백데이터)'!$C$6:$C$3093='생산일지(분쇄1)(MES)'!$E$2)/ROW('[93]분쇄(백데이터)'!$A$6:$A$3093),),ROW('[93]분쇄(백데이터)'!B19))-5),"") | F28: =IFERROR(INDEX('[93]분쇄(백데이터)'!F$6:F$3093,1/LARGE(INDEX(('[93]분쇄(백데이터)'!$B$6:$B$3093='생산일지(분쇄1)(MES)'!$P$6)*('[93]분쇄(백데이터)'!$C$6:$C$3093='생산일지(분쇄1)(MES)'!$E$2)/ROW('[93]분쇄(백데이터)'!$A$6:$A$3093),),ROW('[93]분쇄(백데이터)'!B19))-5),"") | G28: =IFERROR(INDEX('[93]분쇄(백데이터)'!G$6:G$3093,1/LARGE(INDEX(('[93]분쇄(백데이터)'!$B$6:$B$3093='생산일지(분쇄1)(MES)'!$P$6)*('[93]분쇄(백데이터)'!$C$6:$C$3093='생산일지(분쇄1)(MES)'!$E$2)/ROW('[93]분쇄(백데이터)'!$A$6:$A$3093),),ROW('[93]분쇄(백데이터)'!B19))-5),"") | H28: =IFERROR(INDEX('[93]분쇄(백데이터)'!H$6:H$3093,1/LARGE(INDEX(('[93]분쇄(백데이터)'!$B$6:$B$3093='생산일지(분쇄1)(MES)'!$P$6)*('[93]분쇄(백데이터)'!$C$6:$C$3093='생산일지(분쇄1)(MES)'!$E$2)/ROW('[93]분쇄(백데이터)'!$A$6:$A$3093),),ROW('[93]분쇄(백데이터)'!D19))-5),"") | I28: =IFERROR(INDEX('[93]분쇄(백데이터)'!I$6:I$3093,1/LARGE(INDEX(('[93]분쇄(백데이터)'!$B$6:$B$3093='생산일지(분쇄1)(MES)'!$P$6)*('[93]분쇄(백데이터)'!$C$6:$C$3093='생산일지(분쇄1)(MES)'!$E$2)/ROW('[93]분쇄(백데이터)'!$A$6:$A$3093),),ROW('[93]분쇄(백데이터)'!F19))-5),"") | J28: =IFERROR(INDEX('[93]분쇄(백데이터)'!J$6:J$3093,1/LARGE(INDEX(('[93]분쇄(백데이터)'!$B$6:$B$3093='생산일지(분쇄1)(MES)'!$P$6)*('[93]분쇄(백데이터)'!$C$6:$C$3093='생산일지(분쇄1)(MES)'!$E$2)/ROW('[93]분쇄(백데이터)'!$A$6:$A$3093),),ROW('[93]분쇄(백데이터)'!G19))-5),"") | K28: =IFERROR(INDEX('[93]분쇄(백데이터)'!K$6:K$3093,1/LARGE(INDEX(('[93]분쇄(백데이터)'!$B$6:$B$3093='생산일지(분쇄1)(MES)'!$P$6)*('[93]분쇄(백데이터)'!$C$6:$C$3093='생산일지(분쇄1)(MES)'!$E$2)/ROW('[93]분쇄(백데이터)'!$A$6:$A$3093),),ROW('[93]분쇄(백데이터)'!H19))-5),"") | L28: =IFERROR(INDEX('[93]분쇄(백데이터)'!L$6:L$3093,1/LARGE(INDEX(('[93]분쇄(백데이터)'!$B$6:$B$3093='생산일지(분쇄1)(MES)'!$P$6)*('[93]분쇄(백데이터)'!$C$6:$C$3093='생산일지(분쇄1)(MES)'!$E$2)/ROW('[93]분쇄(백데이터)'!$A$6:$A$3093),),ROW('[93]분쇄(백데이터)'!I19))-5),"") | M28: =IFERROR(INDEX('[93]분쇄(백데이터)'!M$6:M$3093,1/LARGE(INDEX(('[93]분쇄(백데이터)'!$B$6:$B$3093='생산일지(분쇄1)(MES)'!$P$6)*('[93]분쇄(백데이터)'!$C$6:$C$3093='생산일지(분쇄1)(MES)'!$E$2)/ROW('[93]분쇄(백데이터)'!$A$6:$A$3093),),ROW('[93]분쇄(백데이터)'!J19))-5),"") | N28: =IFERROR(INDEX('[93]분쇄(백데이터)'!N$6:N$3093,1/LARGE(INDEX(('[93]분쇄(백데이터)'!$B$6:$B$3093='생산일지(분쇄1)(MES)'!$P$6)*('[93]분쇄(백데이터)'!$C$6:$C$3093='생산일지(분쇄1)(MES)'!$E$2)/ROW('[93]분쇄(백데이터)'!$A$6:$A$3093),),ROW('[93]분쇄(백데이터)'!K19))-5),"") | O28: =IFERROR(INDEX('[93]분쇄(백데이터)'!O$6:O$3093,1/LARGE(INDEX(('[93]분쇄(백데이터)'!$B$6:$B$3093='생산일지(분쇄1)(MES)'!$P$6)*('[93]분쇄(백데이터)'!$C$6:$C$3093='생산일지(분쇄1)(MES)'!$E$2)/ROW('[93]분쇄(백데이터)'!$A$6:$A$3093),),ROW('[93]분쇄(백데이터)'!L19))-5),"") | P28: =IFERROR(INDEX('[93]분쇄(백데이터)'!P$6:P$3093,1/LARGE(INDEX(('[93]분쇄(백데이터)'!$B$6:$B$3093='생산일지(분쇄1)(MES)'!$P$6)*('[93]분쇄(백데이터)'!$C$6:$C$3093='생산일지(분쇄1)(MES)'!$E$2)/ROW('[93]분쇄(백데이터)'!$A$6:$A$3093),),ROW('[93]분쇄(백데이터)'!M19))-5),"") | ... R28: =IFERROR(INDEX('[93]분쇄(백데이터)'!R$6:R$3093,1/LARGE(INDEX(('[93]분쇄(백데이터)'!$B$6:$B$3093='생산일지(분쇄1)(MES)'!$P$6)*('[93]분쇄(백데이터)'!$C$6:$C$3093='생산일지(분쇄1)(MES)'!$E$2)/ROW('[93]분쇄(백데이터)'!$A$6:$A$3093),),ROW('[93]분쇄(백데이터)'!O19))-5),"") | S28: =IFERROR(INDEX('[93]분쇄(백데이터)'!T$6:T$3093,1/LARGE(INDEX(('[93]분쇄(백데이터)'!$B$6:$B$3093='생산일지(분쇄1)(MES)'!$P$6)*('[93]분쇄(백데이터)'!$C$6:$C$3093='생산일지(분쇄1)(MES)'!$E$2)/ROW('[93]분쇄(백데이터)'!$A$6:$A$3093),),ROW('[93]분쇄(백데이터)'!P19))-5),"") | T28: =IFERROR(INDEX('[93]분쇄(백데이터)'!U$6:U$3093,1/LARGE(INDEX(('[93]분쇄(백데이터)'!$B$6:$B$3093='생산일지(분쇄1)(MES)'!$P$6)*('[93]분쇄(백데이터)'!$C$6:$C$3093='생산일지(분쇄1)(MES)'!$E$2)/ROW('[93]분쇄(백데이터)'!$A$6:$A$3093),),ROW('[93]분쇄(백데이터)'!Q19))-5),"")
B29: 20 | C29: =IFERROR(INDEX('[93]분쇄(백데이터)'!D$6:D$3093,1/LARGE(INDEX(('[93]분쇄(백데이터)'!$B$6:$B$3093='생산일지(분쇄1)(MES)'!$P$6)*('[93]분쇄(백데이터)'!$C$6:$C$3093='생산일지(분쇄1)(MES)'!$E$2)/ROW('[93]분쇄(백데이터)'!$A$6:$A$3093),),ROW('[93]분쇄(백데이터)'!B20))-5),"") | F29: =IFERROR(INDEX('[93]분쇄(백데이터)'!F$6:F$3093,1/LARGE(INDEX(('[93]분쇄(백데이터)'!$B$6:$B$3093='생산일지(분쇄1)(MES)'!$P$6)*('[93]분쇄(백데이터)'!$C$6:$C$3093='생산일지(분쇄1)(MES)'!$E$2)/ROW('[93]분쇄(백데이터)'!$A$6:$A$3093),),ROW('[93]분쇄(백데이터)'!B20))-5),"") | G29: =IFERROR(INDEX('[93]분쇄(백데이터)'!G$6:G$3093,1/LARGE(INDEX(('[93]분쇄(백데이터)'!$B$6:$B$3093='생산일지(분쇄1)(MES)'!$P$6)*('[93]분쇄(백데이터)'!$C$6:$C$3093='생산일지(분쇄1)(MES)'!$E$2)/ROW('[93]분쇄(백데이터)'!$A$6:$A$3093),),ROW('[93]분쇄(백데이터)'!B20))-5),"") | H29: =IFERROR(INDEX('[93]분쇄(백데이터)'!H$6:H$3093,1/LARGE(INDEX(('[93]분쇄(백데이터)'!$B$6:$B$3093='생산일지(분쇄1)(MES)'!$P$6)*('[93]분쇄(백데이터)'!$C$6:$C$3093='생산일지(분쇄1)(MES)'!$E$2)/ROW('[93]분쇄(백데이터)'!$A$6:$A$3093),),ROW('[93]분쇄(백데이터)'!D20))-5),"") | I29: =IFERROR(INDEX('[93]분쇄(백데이터)'!I$6:I$3093,1/LARGE(INDEX(('[93]분쇄(백데이터)'!$B$6:$B$3093='생산일지(분쇄1)(MES)'!$P$6)*('[93]분쇄(백데이터)'!$C$6:$C$3093='생산일지(분쇄1)(MES)'!$E$2)/ROW('[93]분쇄(백데이터)'!$A$6:$A$3093),),ROW('[93]분쇄(백데이터)'!F20))-5),"") | J29: =IFERROR(INDEX('[93]분쇄(백데이터)'!J$6:J$3093,1/LARGE(INDEX(('[93]분쇄(백데이터)'!$B$6:$B$3093='생산일지(분쇄1)(MES)'!$P$6)*('[93]분쇄(백데이터)'!$C$6:$C$3093='생산일지(분쇄1)(MES)'!$E$2)/ROW('[93]분쇄(백데이터)'!$A$6:$A$3093),),ROW('[93]분쇄(백데이터)'!G20))-5),"") | K29: =IFERROR(INDEX('[93]분쇄(백데이터)'!K$6:K$3093,1/LARGE(INDEX(('[93]분쇄(백데이터)'!$B$6:$B$3093='생산일지(분쇄1)(MES)'!$P$6)*('[93]분쇄(백데이터)'!$C$6:$C$3093='생산일지(분쇄1)(MES)'!$E$2)/ROW('[93]분쇄(백데이터)'!$A$6:$A$3093),),ROW('[93]분쇄(백데이터)'!H20))-5),"") | L29: =IFERROR(INDEX('[93]분쇄(백데이터)'!L$6:L$3093,1/LARGE(INDEX(('[93]분쇄(백데이터)'!$B$6:$B$3093='생산일지(분쇄1)(MES)'!$P$6)*('[93]분쇄(백데이터)'!$C$6:$C$3093='생산일지(분쇄1)(MES)'!$E$2)/ROW('[93]분쇄(백데이터)'!$A$6:$A$3093),),ROW('[93]분쇄(백데이터)'!I20))-5),"") | M29: =IFERROR(INDEX('[93]분쇄(백데이터)'!M$6:M$3093,1/LARGE(INDEX(('[93]분쇄(백데이터)'!$B$6:$B$3093='생산일지(분쇄1)(MES)'!$P$6)*('[93]분쇄(백데이터)'!$C$6:$C$3093='생산일지(분쇄1)(MES)'!$E$2)/ROW('[93]분쇄(백데이터)'!$A$6:$A$3093),),ROW('[93]분쇄(백데이터)'!J20))-5),"") | N29: =IFERROR(INDEX('[93]분쇄(백데이터)'!N$6:N$3093,1/LARGE(INDEX(('[93]분쇄(백데이터)'!$B$6:$B$3093='생산일지(분쇄1)(MES)'!$P$6)*('[93]분쇄(백데이터)'!$C$6:$C$3093='생산일지(분쇄1)(MES)'!$E$2)/ROW('[93]분쇄(백데이터)'!$A$6:$A$3093),),ROW('[93]분쇄(백데이터)'!K20))-5),"") | O29: =IFERROR(INDEX('[93]분쇄(백데이터)'!O$6:O$3093,1/LARGE(INDEX(('[93]분쇄(백데이터)'!$B$6:$B$3093='생산일지(분쇄1)(MES)'!$P$6)*('[93]분쇄(백데이터)'!$C$6:$C$3093='생산일지(분쇄1)(MES)'!$E$2)/ROW('[93]분쇄(백데이터)'!$A$6:$A$3093),),ROW('[93]분쇄(백데이터)'!L20))-5),"") | P29: =IFERROR(INDEX('[93]분쇄(백데이터)'!P$6:P$3093,1/LARGE(INDEX(('[93]분쇄(백데이터)'!$B$6:$B$3093='생산일지(분쇄1)(MES)'!$P$6)*('[93]분쇄(백데이터)'!$C$6:$C$3093='생산일지(분쇄1)(MES)'!$E$2)/ROW('[93]분쇄(백데이터)'!$A$6:$A$3093),),ROW('[93]분쇄(백데이터)'!M20))-5),"") | ... R29: =IFERROR(INDEX('[93]분쇄(백데이터)'!R$6:R$3093,1/LARGE(INDEX(('[93]분쇄(백데이터)'!$B$6:$B$3093='생산일지(분쇄1)(MES)'!$P$6)*('[93]분쇄(백데이터)'!$C$6:$C$3093='생산일지(분쇄1)(MES)'!$E$2)/ROW('[93]분쇄(백데이터)'!$A$6:$A$3093),),ROW('[93]분쇄(백데이터)'!O20))-5),"") | S29: =IFERROR(INDEX('[93]분쇄(백데이터)'!T$6:T$3093,1/LARGE(INDEX(('[93]분쇄(백데이터)'!$B$6:$B$3093='생산일지(분쇄1)(MES)'!$P$6)*('[93]분쇄(백데이터)'!$C$6:$C$3093='생산일지(분쇄1)(MES)'!$E$2)/ROW('[93]분쇄(백데이터)'!$A$6:$A$3093),),ROW('[93]분쇄(백데이터)'!P20))-5),"") | T29: =IFERROR(INDEX('[93]분쇄(백데이터)'!U$6:U$3093,1/LARGE(INDEX(('[93]분쇄(백데이터)'!$B$6:$B$3093='생산일지(분쇄1)(MES)'!$P$6)*('[93]분쇄(백데이터)'!$C$6:$C$3093='생산일지(분쇄1)(MES)'!$E$2)/ROW('[93]분쇄(백데이터)'!$A$6:$A$3093),),ROW('[93]분쇄(백데이터)'!Q20))-5),"")
B30: 21 | C30: =IFERROR(INDEX('[93]분쇄(백데이터)'!D$6:D$3093,1/LARGE(INDEX(('[93]분쇄(백데이터)'!$B$6:$B$3093='생산일지(분쇄1)(MES)'!$P$6)*('[93]분쇄(백데이터)'!$C$6:$C$3093='생산일지(분쇄1)(MES)'!$E$2)/ROW('[93]분쇄(백데이터)'!$A$6:$A$3093),),ROW('[93]분쇄(백데이터)'!B21))-5),"") | F30: =IFERROR(INDEX('[93]분쇄(백데이터)'!F$6:F$3093,1/LARGE(INDEX(('[93]분쇄(백데이터)'!$B$6:$B$3093='생산일지(분쇄1)(MES)'!$P$6)*('[93]분쇄(백데이터)'!$C$6:$C$3093='생산일지(분쇄1)(MES)'!$E$2)/ROW('[93]분쇄(백데이터)'!$A$6:$A$3093),),ROW('[93]분쇄(백데이터)'!B21))-5),"") | G30: =IFERROR(INDEX('[93]분쇄(백데이터)'!G$6:G$3093,1/LARGE(INDEX(('[93]분쇄(백데이터)'!$B$6:$B$3093='생산일지(분쇄1)(MES)'!$P$6)*('[93]분쇄(백데이터)'!$C$6:$C$3093='생산일지(분쇄1)(MES)'!$E$2)/ROW('[93]분쇄(백데이터)'!$A$6:$A$3093),),ROW('[93]분쇄(백데이터)'!B21))-5),"") | H30: =IFERROR(INDEX('[93]분쇄(백데이터)'!H$6:H$3093,1/LARGE(INDEX(('[93]분쇄(백데이터)'!$B$6:$B$3093='생산일지(분쇄1)(MES)'!$P$6)*('[93]분쇄(백데이터)'!$C$6:$C$3093='생산일지(분쇄1)(MES)'!$E$2)/ROW('[93]분쇄(백데이터)'!$A$6:$A$3093),),ROW('[93]분쇄(백데이터)'!D21))-5),"") | I30: =IFERROR(INDEX('[93]분쇄(백데이터)'!I$6:I$3093,1/LARGE(INDEX(('[93]분쇄(백데이터)'!$B$6:$B$3093='생산일지(분쇄1)(MES)'!$P$6)*('[93]분쇄(백데이터)'!$C$6:$C$3093='생산일지(분쇄1)(MES)'!$E$2)/ROW('[93]분쇄(백데이터)'!$A$6:$A$3093),),ROW('[93]분쇄(백데이터)'!F21))-5),"") | J30: =IFERROR(INDEX('[93]분쇄(백데이터)'!J$6:J$3093,1/LARGE(INDEX(('[93]분쇄(백데이터)'!$B$6:$B$3093='생산일지(분쇄1)(MES)'!$P$6)*('[93]분쇄(백데이터)'!$C$6:$C$3093='생산일지(분쇄1)(MES)'!$E$2)/ROW('[93]분쇄(백데이터)'!$A$6:$A$3093),),ROW('[93]분쇄(백데이터)'!G21))-5),"") | K30: =IFERROR(INDEX('[93]분쇄(백데이터)'!K$6:K$3093,1/LARGE(INDEX(('[93]분쇄(백데이터)'!$B$6:$B$3093='생산일지(분쇄1)(MES)'!$P$6)*('[93]분쇄(백데이터)'!$C$6:$C$3093='생산일지(분쇄1)(MES)'!$E$2)/ROW('[93]분쇄(백데이터)'!$A$6:$A$3093),),ROW('[93]분쇄(백데이터)'!H21))-5),"") | L30: =IFERROR(INDEX('[93]분쇄(백데이터)'!L$6:L$3093,1/LARGE(INDEX(('[93]분쇄(백데이터)'!$B$6:$B$3093='생산일지(분쇄1)(MES)'!$P$6)*('[93]분쇄(백데이터)'!$C$6:$C$3093='생산일지(분쇄1)(MES)'!$E$2)/ROW('[93]분쇄(백데이터)'!$A$6:$A$3093),),ROW('[93]분쇄(백데이터)'!I21))-5),"") | M30: =IFERROR(INDEX('[93]분쇄(백데이터)'!M$6:M$3093,1/LARGE(INDEX(('[93]분쇄(백데이터)'!$B$6:$B$3093='생산일지(분쇄1)(MES)'!$P$6)*('[93]분쇄(백데이터)'!$C$6:$C$3093='생산일지(분쇄1)(MES)'!$E$2)/ROW('[93]분쇄(백데이터)'!$A$6:$A$3093),),ROW('[93]분쇄(백데이터)'!J21))-5),"") | N30: =IFERROR(INDEX('[93]분쇄(백데이터)'!N$6:N$3093,1/LARGE(INDEX(('[93]분쇄(백데이터)'!$B$6:$B$3093='생산일지(분쇄1)(MES)'!$P$6)*('[93]분쇄(백데이터)'!$C$6:$C$3093='생산일지(분쇄1)(MES)'!$E$2)/ROW('[93]분쇄(백데이터)'!$A$6:$A$3093),),ROW('[93]분쇄(백데이터)'!K21))-5),"") | O30: =IFERROR(INDEX('[93]분쇄(백데이터)'!O$6:O$3093,1/LARGE(INDEX(('[93]분쇄(백데이터)'!$B$6:$B$3093='생산일지(분쇄1)(MES)'!$P$6)*('[93]분쇄(백데이터)'!$C$6:$C$3093='생산일지(분쇄1)(MES)'!$E$2)/ROW('[93]분쇄(백데이터)'!$A$6:$A$3093),),ROW('[93]분쇄(백데이터)'!L21))-5),"") | P30: =IFERROR(INDEX('[93]분쇄(백데이터)'!P$6:P$3093,1/LARGE(INDEX(('[93]분쇄(백데이터)'!$B$6:$B$3093='생산일지(분쇄1)(MES)'!$P$6)*('[93]분쇄(백데이터)'!$C$6:$C$3093='생산일지(분쇄1)(MES)'!$E$2)/ROW('[93]분쇄(백데이터)'!$A$6:$A$3093),),ROW('[93]분쇄(백데이터)'!M21))-5),"") | ... R30: =IFERROR(INDEX('[93]분쇄(백데이터)'!R$6:R$3093,1/LARGE(INDEX(('[93]분쇄(백데이터)'!$B$6:$B$3093='생산일지(분쇄1)(MES)'!$P$6)*('[93]분쇄(백데이터)'!$C$6:$C$3093='생산일지(분쇄1)(MES)'!$E$2)/ROW('[93]분쇄(백데이터)'!$A$6:$A$3093),),ROW('[93]분쇄(백데이터)'!O21))-5),"") | S30: =IFERROR(INDEX('[93]분쇄(백데이터)'!T$6:T$3093,1/LARGE(INDEX(('[93]분쇄(백데이터)'!$B$6:$B$3093='생산일지(분쇄1)(MES)'!$P$6)*('[93]분쇄(백데이터)'!$C$6:$C$3093='생산일지(분쇄1)(MES)'!$E$2)/ROW('[93]분쇄(백데이터)'!$A$6:$A$3093),),ROW('[93]분쇄(백데이터)'!P21))-5),"") | T30: =IFERROR(INDEX('[93]분쇄(백데이터)'!U$6:U$3093,1/LARGE(INDEX(('[93]분쇄(백데이터)'!$B$6:$B$3093='생산일지(분쇄1)(MES)'!$P$6)*('[93]분쇄(백데이터)'!$C$6:$C$3093='생산일지(분쇄1)(MES)'!$E$2)/ROW('[93]분쇄(백데이터)'!$A$6:$A$3093),),ROW('[93]분쇄(백데이터)'!Q21))-5),"")
B31: 22 | C31: =IFERROR(INDEX('[93]분쇄(백데이터)'!D$6:D$3093,1/LARGE(INDEX(('[93]분쇄(백데이터)'!$B$6:$B$3093='생산일지(분쇄1)(MES)'!$P$6)*('[93]분쇄(백데이터)'!$C$6:$C$3093='생산일지(분쇄1)(MES)'!$E$2)/ROW('[93]분쇄(백데이터)'!$A$6:$A$3093),),ROW('[93]분쇄(백데이터)'!B22))-5),"") | F31: =IFERROR(INDEX('[93]분쇄(백데이터)'!F$6:F$3093,1/LARGE(INDEX(('[93]분쇄(백데이터)'!$B$6:$B$3093='생산일지(분쇄1)(MES)'!$P$6)*('[93]분쇄(백데이터)'!$C$6:$C$3093='생산일지(분쇄1)(MES)'!$E$2)/ROW('[93]분쇄(백데이터)'!$A$6:$A$3093),),ROW('[93]분쇄(백데이터)'!B22))-5),"") | G31: =IFERROR(INDEX('[93]분쇄(백데이터)'!G$6:G$3093,1/LARGE(INDEX(('[93]분쇄(백데이터)'!$B$6:$B$3093='생산일지(분쇄1)(MES)'!$P$6)*('[93]분쇄(백데이터)'!$C$6:$C$3093='생산일지(분쇄1)(MES)'!$E$2)/ROW('[93]분쇄(백데이터)'!$A$6:$A$3093),),ROW('[93]분쇄(백데이터)'!B22))-5),"") | H31: =IFERROR(INDEX('[93]분쇄(백데이터)'!H$6:H$3093,1/LARGE(INDEX(('[93]분쇄(백데이터)'!$B$6:$B$3093='생산일지(분쇄1)(MES)'!$P$6)*('[93]분쇄(백데이터)'!$C$6:$C$3093='생산일지(분쇄1)(MES)'!$E$2)/ROW('[93]분쇄(백데이터)'!$A$6:$A$3093),),ROW('[93]분쇄(백데이터)'!D22))-5),"") | I31: =IFERROR(INDEX('[93]분쇄(백데이터)'!I$6:I$3093,1/LARGE(INDEX(('[93]분쇄(백데이터)'!$B$6:$B$3093='생산일지(분쇄1)(MES)'!$P$6)*('[93]분쇄(백데이터)'!$C$6:$C$3093='생산일지(분쇄1)(MES)'!$E$2)/ROW('[93]분쇄(백데이터)'!$A$6:$A$3093),),ROW('[93]분쇄(백데이터)'!F22))-5),"") | J31: =IFERROR(INDEX('[93]분쇄(백데이터)'!J$6:J$3093,1/LARGE(INDEX(('[93]분쇄(백데이터)'!$B$6:$B$3093='생산일지(분쇄1)(MES)'!$P$6)*('[93]분쇄(백데이터)'!$C$6:$C$3093='생산일지(분쇄1)(MES)'!$E$2)/ROW('[93]분쇄(백데이터)'!$A$6:$A$3093),),ROW('[93]분쇄(백데이터)'!G22))-5),"") | K31: =IFERROR(INDEX('[93]분쇄(백데이터)'!K$6:K$3093,1/LARGE(INDEX(('[93]분쇄(백데이터)'!$B$6:$B$3093='생산일지(분쇄1)(MES)'!$P$6)*('[93]분쇄(백데이터)'!$C$6:$C$3093='생산일지(분쇄1)(MES)'!$E$2)/ROW('[93]분쇄(백데이터)'!$A$6:$A$3093),),ROW('[93]분쇄(백데이터)'!H22))-5),"") | L31: =IFERROR(INDEX('[93]분쇄(백데이터)'!L$6:L$3093,1/LARGE(INDEX(('[93]분쇄(백데이터)'!$B$6:$B$3093='생산일지(분쇄1)(MES)'!$P$6)*('[93]분쇄(백데이터)'!$C$6:$C$3093='생산일지(분쇄1)(MES)'!$E$2)/ROW('[93]분쇄(백데이터)'!$A$6:$A$3093),),ROW('[93]분쇄(백데이터)'!I22))-5),"") | M31: =IFERROR(INDEX('[93]분쇄(백데이터)'!M$6:M$3093,1/LARGE(INDEX(('[93]분쇄(백데이터)'!$B$6:$B$3093='생산일지(분쇄1)(MES)'!$P$6)*('[93]분쇄(백데이터)'!$C$6:$C$3093='생산일지(분쇄1)(MES)'!$E$2)/ROW('[93]분쇄(백데이터)'!$A$6:$A$3093),),ROW('[93]분쇄(백데이터)'!J22))-5),"") | N31: =IFERROR(INDEX('[93]분쇄(백데이터)'!N$6:N$3093,1/LARGE(INDEX(('[93]분쇄(백데이터)'!$B$6:$B$3093='생산일지(분쇄1)(MES)'!$P$6)*('[93]분쇄(백데이터)'!$C$6:$C$3093='생산일지(분쇄1)(MES)'!$E$2)/ROW('[93]분쇄(백데이터)'!$A$6:$A$3093),),ROW('[93]분쇄(백데이터)'!K22))-5),"") | O31: =IFERROR(INDEX('[93]분쇄(백데이터)'!O$6:O$3093,1/LARGE(INDEX(('[93]분쇄(백데이터)'!$B$6:$B$3093='생산일지(분쇄1)(MES)'!$P$6)*('[93]분쇄(백데이터)'!$C$6:$C$3093='생산일지(분쇄1)(MES)'!$E$2)/ROW('[93]분쇄(백데이터)'!$A$6:$A$3093),),ROW('[93]분쇄(백데이터)'!L22))-5),"") | P31: =IFERROR(INDEX('[93]분쇄(백데이터)'!P$6:P$3093,1/LARGE(INDEX(('[93]분쇄(백데이터)'!$B$6:$B$3093='생산일지(분쇄1)(MES)'!$P$6)*('[93]분쇄(백데이터)'!$C$6:$C$3093='생산일지(분쇄1)(MES)'!$E$2)/ROW('[93]분쇄(백데이터)'!$A$6:$A$3093),),ROW('[93]분쇄(백데이터)'!M22))-5),"") | ... R31: =IFERROR(INDEX('[93]분쇄(백데이터)'!R$6:R$3093,1/LARGE(INDEX(('[93]분쇄(백데이터)'!$B$6:$B$3093='생산일지(분쇄1)(MES)'!$P$6)*('[93]분쇄(백데이터)'!$C$6:$C$3093='생산일지(분쇄1)(MES)'!$E$2)/ROW('[93]분쇄(백데이터)'!$A$6:$A$3093),),ROW('[93]분쇄(백데이터)'!O22))-5),"") | S31: =IFERROR(INDEX('[93]분쇄(백데이터)'!T$6:T$3093,1/LARGE(INDEX(('[93]분쇄(백데이터)'!$B$6:$B$3093='생산일지(분쇄1)(MES)'!$P$6)*('[93]분쇄(백데이터)'!$C$6:$C$3093='생산일지(분쇄1)(MES)'!$E$2)/ROW('[93]분쇄(백데이터)'!$A$6:$A$3093),),ROW('[93]분쇄(백데이터)'!P22))-5),"") | T31: =IFERROR(INDEX('[93]분쇄(백데이터)'!U$6:U$3093,1/LARGE(INDEX(('[93]분쇄(백데이터)'!$B$6:$B$3093='생산일지(분쇄1)(MES)'!$P$6)*('[93]분쇄(백데이터)'!$C$6:$C$3093='생산일지(분쇄1)(MES)'!$E$2)/ROW('[93]분쇄(백데이터)'!$A$6:$A$3093),),ROW('[93]분쇄(백데이터)'!Q22))-5),"")
B32: 23 | C32: =IFERROR(INDEX('[93]분쇄(백데이터)'!D$6:D$3093,1/LARGE(INDEX(('[93]분쇄(백데이터)'!$B$6:$B$3093='생산일지(분쇄1)(MES)'!$P$6)*('[93]분쇄(백데이터)'!$C$6:$C$3093='생산일지(분쇄1)(MES)'!$E$2)/ROW('[93]분쇄(백데이터)'!$A$6:$A$3093),),ROW('[93]분쇄(백데이터)'!B23))-5),"") | F32: =IFERROR(INDEX('[93]분쇄(백데이터)'!F$6:F$3093,1/LARGE(INDEX(('[93]분쇄(백데이터)'!$B$6:$B$3093='생산일지(분쇄1)(MES)'!$P$6)*('[93]분쇄(백데이터)'!$C$6:$C$3093='생산일지(분쇄1)(MES)'!$E$2)/ROW('[93]분쇄(백데이터)'!$A$6:$A$3093),),ROW('[93]분쇄(백데이터)'!B23))-5),"") | G32: =IFERROR(INDEX('[93]분쇄(백데이터)'!G$6:G$3093,1/LARGE(INDEX(('[93]분쇄(백데이터)'!$B$6:$B$3093='생산일지(분쇄1)(MES)'!$P$6)*('[93]분쇄(백데이터)'!$C$6:$C$3093='생산일지(분쇄1)(MES)'!$E$2)/ROW('[93]분쇄(백데이터)'!$A$6:$A$3093),),ROW('[93]분쇄(백데이터)'!B23))-5),"") | H32: =IFERROR(INDEX('[93]분쇄(백데이터)'!H$6:H$3093,1/LARGE(INDEX(('[93]분쇄(백데이터)'!$B$6:$B$3093='생산일지(분쇄1)(MES)'!$P$6)*('[93]분쇄(백데이터)'!$C$6:$C$3093='생산일지(분쇄1)(MES)'!$E$2)/ROW('[93]분쇄(백데이터)'!$A$6:$A$3093),),ROW('[93]분쇄(백데이터)'!D23))-5),"") | I32: =IFERROR(INDEX('[93]분쇄(백데이터)'!I$6:I$3093,1/LARGE(INDEX(('[93]분쇄(백데이터)'!$B$6:$B$3093='생산일지(분쇄1)(MES)'!$P$6)*('[93]분쇄(백데이터)'!$C$6:$C$3093='생산일지(분쇄1)(MES)'!$E$2)/ROW('[93]분쇄(백데이터)'!$A$6:$A$3093),),ROW('[93]분쇄(백데이터)'!F23))-5),"") | J32: =IFERROR(INDEX('[93]분쇄(백데이터)'!J$6:J$3093,1/LARGE(INDEX(('[93]분쇄(백데이터)'!$B$6:$B$3093='생산일지(분쇄1)(MES)'!$P$6)*('[93]분쇄(백데이터)'!$C$6:$C$3093='생산일지(분쇄1)(MES)'!$E$2)/ROW('[93]분쇄(백데이터)'!$A$6:$A$3093),),ROW('[93]분쇄(백데이터)'!G23))-5),"") | K32: =IFERROR(INDEX('[93]분쇄(백데이터)'!K$6:K$3093,1/LARGE(INDEX(('[93]분쇄(백데이터)'!$B$6:$B$3093='생산일지(분쇄1)(MES)'!$P$6)*('[93]분쇄(백데이터)'!$C$6:$C$3093='생산일지(분쇄1)(MES)'!$E$2)/ROW('[93]분쇄(백데이터)'!$A$6:$A$3093),),ROW('[93]분쇄(백데이터)'!H23))-5),"") | L32: =IFERROR(INDEX('[93]분쇄(백데이터)'!L$6:L$3093,1/LARGE(INDEX(('[93]분쇄(백데이터)'!$B$6:$B$3093='생산일지(분쇄1)(MES)'!$P$6)*('[93]분쇄(백데이터)'!$C$6:$C$3093='생산일지(분쇄1)(MES)'!$E$2)/ROW('[93]분쇄(백데이터)'!$A$6:$A$3093),),ROW('[93]분쇄(백데이터)'!I23))-5),"") | M32: =IFERROR(INDEX('[93]분쇄(백데이터)'!M$6:M$3093,1/LARGE(INDEX(('[93]분쇄(백데이터)'!$B$6:$B$3093='생산일지(분쇄1)(MES)'!$P$6)*('[93]분쇄(백데이터)'!$C$6:$C$3093='생산일지(분쇄1)(MES)'!$E$2)/ROW('[93]분쇄(백데이터)'!$A$6:$A$3093),),ROW('[93]분쇄(백데이터)'!J23))-5),"") | N32: =IFERROR(INDEX('[93]분쇄(백데이터)'!N$6:N$3093,1/LARGE(INDEX(('[93]분쇄(백데이터)'!$B$6:$B$3093='생산일지(분쇄1)(MES)'!$P$6)*('[93]분쇄(백데이터)'!$C$6:$C$3093='생산일지(분쇄1)(MES)'!$E$2)/ROW('[93]분쇄(백데이터)'!$A$6:$A$3093),),ROW('[93]분쇄(백데이터)'!K23))-5),"") | O32: =IFERROR(INDEX('[93]분쇄(백데이터)'!O$6:O$3093,1/LARGE(INDEX(('[93]분쇄(백데이터)'!$B$6:$B$3093='생산일지(분쇄1)(MES)'!$P$6)*('[93]분쇄(백데이터)'!$C$6:$C$3093='생산일지(분쇄1)(MES)'!$E$2)/ROW('[93]분쇄(백데이터)'!$A$6:$A$3093),),ROW('[93]분쇄(백데이터)'!L23))-5),"") | P32: =IFERROR(INDEX('[93]분쇄(백데이터)'!P$6:P$3093,1/LARGE(INDEX(('[93]분쇄(백데이터)'!$B$6:$B$3093='생산일지(분쇄1)(MES)'!$P$6)*('[93]분쇄(백데이터)'!$C$6:$C$3093='생산일지(분쇄1)(MES)'!$E$2)/ROW('[93]분쇄(백데이터)'!$A$6:$A$3093),),ROW('[93]분쇄(백데이터)'!M23))-5),"") | ... R32: =IFERROR(INDEX('[93]분쇄(백데이터)'!R$6:R$3093,1/LARGE(INDEX(('[93]분쇄(백데이터)'!$B$6:$B$3093='생산일지(분쇄1)(MES)'!$P$6)*('[93]분쇄(백데이터)'!$C$6:$C$3093='생산일지(분쇄1)(MES)'!$E$2)/ROW('[93]분쇄(백데이터)'!$A$6:$A$3093),),ROW('[93]분쇄(백데이터)'!O23))-5),"") | S32: =IFERROR(INDEX('[93]분쇄(백데이터)'!T$6:T$3093,1/LARGE(INDEX(('[93]분쇄(백데이터)'!$B$6:$B$3093='생산일지(분쇄1)(MES)'!$P$6)*('[93]분쇄(백데이터)'!$C$6:$C$3093='생산일지(분쇄1)(MES)'!$E$2)/ROW('[93]분쇄(백데이터)'!$A$6:$A$3093),),ROW('[93]분쇄(백데이터)'!P23))-5),"") | T32: =IFERROR(INDEX('[93]분쇄(백데이터)'!U$6:U$3093,1/LARGE(INDEX(('[93]분쇄(백데이터)'!$B$6:$B$3093='생산일지(분쇄1)(MES)'!$P$6)*('[93]분쇄(백데이터)'!$C$6:$C$3093='생산일지(분쇄1)(MES)'!$E$2)/ROW('[93]분쇄(백데이터)'!$A$6:$A$3093),),ROW('[93]분쇄(백데이터)'!Q23))-5),"")
B34: 순번 | C34: ※ 작업 점검사항 | L34: 담당자 | N34: 결과 | P34: 교체일 | R34: 비고
B35: 1 | C35: 작업중 파손 또는 마모 되어 폐기한 스크린은 있는가? (규격/수량)
B36: 2 | C36: 스크린 홀더등 마모성 부품의 상태는?
B37: 3 | C37: 햄머팁 마모상태 및 최종 교체일은?
B38: 4 | C38: 마그네트 철물 점검 시간 및 철물의 양은 얼마인가? (시간/량 Kg)
B39: 5 | C39: 집진기 청소는 언제 진행하였는가?
B40: 6 | C40: 차압 퍼지는 정상적으로 작동하고 있는가?
B41: 7 | C41: 옥수수 집진기 가동 상태 및 막힘 현상의 문제는 없는가?
B42: 8 | C42: 옥수수 대분 정선기 볼 배열 및 스크린 텐션은 양호한가?
B43: 9 | C43: 분쇄 누적 시간은 얼마인가?
B44: 10 | C44: 옥수수 정선기 스크린,볼 배열들의 상태는 양호한가?
B45: 11 | C45: 집진기 필터 최종 교체일은 ?
