Workbook
Name _______________________________________________sp01: '[1]2000년1월기준'!$B$7:$F$232
Name ______________________________________________sp01: '[2]2000년1월기준'!$B$7:$F$232
Name _____________________________________________sp01: '[3]2000년1월기준'!$B$7:$F$232
Name ____________________________________________sp01: '[3]2000년1월기준'!$B$7:$F$232
Name ___________________________________________sp01: '[3]2000년1월기준'!$B$7:$F$232
Name __________________________________________sp01: '[3]2000년1월기준'!$B$7:$F$232
Name _________________________________________sp01: '[3]2000년1월기준'!$B$7:$F$232
Name ________________________________________sp01: '[3]2000년1월기준'!$B$7:$F$232
Name _______________________________________sp01: '[3]2000년1월기준'!$B$7:$F$232
Name ______________________________________sp01: '[3]2000년1월기준'!$B$7:$F$232
Name _____________________________________sp01: '[3]2000년1월기준'!$B$7:$F$232
Name ____________________________________sp01: '[3]2000년1월기준'!$B$7:$F$232
Name ___________________________________sp01: '[3]2000년1월기준'!$B$7:$F$232
Name __________________________________sp01: '[3]2000년1월기준'!$B$7:$F$232
Name _________________________________sp01: '[3]2000년1월기준'!$B$7:$F$232
Name ________________________________sp01: '[3]2000년1월기준'!$B$7:$F$232
Name _______________________________sp01: '[3]2000년1월기준'!$B$7:$F$232
Name ______________________________sp01: '[3]2000년1월기준'!$B$7:$F$232
Name _____________________________sp01: '[3]2000년1월기준'!$B$7:$F$232
Name ____________________________sp01: '[3]2000년1월기준'!$B$7:$F$232
Name ___________________________sp01: '[3]2000년1월기준'!$B$7:$F$232
Name __________________________sp01: '[3]2000년1월기준'!$B$7:$F$232
Name _________________________sp01: '[3]2000년1월기준'!$B$7:$F$232
Name ________________________sp01: '[3]2000년1월기준'!$B$7:$F$232
Name _______________________sp01: '[3]2000년1월기준'!$B$7:$F$232
Name ______________________sp01: '[3]2000년1월기준'!$B$7:$F$232
Name _____________________sp01: '[3]2000년1월기준'!$B$7:$F$232
Name ____________________sp01: '[3]2000년1월기준'!$B$7:$F$232
Name ___________________sp01: '[3]2000년1월기준'!$B$7:$F$232
Name __________________sp01: '[3]2000년1월기준'!$B$7:$F$232
Name _________________RAW1: '[4]원료가격(AT순서)'!$A$5:$O$79
Name _________________sp01: '[3]2000년1월기준'!$B$7:$F$232
Name ________________raw2: '[5]CJ Code 기준'!$A$1:$D$444
Name ________________sp01: '[3]2000년1월기준'!$B$7:$F$232
Name _______________RAW1: '[4]원료가격(AT순서)'!$A$5:$O$79
Name _______________raw2: '[6]CJ Code 기준'!$A$1:$D$445
Name _______________raw4: '[6]CJ Code 기준'!$A$1:$D$444
Name _______________sp01: '[1]2000년1월기준'!$B$7:$F$232
Name ______________raw2: '[5]CJ Code 기준'!$A$1:$D$444
Name ______________raw4: '[6]CJ Code 기준'!$A$1:$D$444
Name ______________sp01: '[1]2000년1월기준'!$B$7:$F$232
Name _____________raw2: '[6]CJ Code 기준'!$A$1:$D$445
Name _____________raw4: '[6]CJ Code 기준'!$A$1:$D$444
Name _____________sp01: '[1]2000년1월기준'!$B$7:$F$232
Name ____________raw2: '[6]CJ Code 기준'!$A$1:$D$445
Name ____________raw4: '[6]CJ Code 기준'!$A$1:$D$444
Name ____________sp01: '[1]2000년1월기준'!$B$7:$F$232
Name ___________RAW1: '[7]원료가격(AT순서)'!$A$5:$O$79
Name ___________raw2: '[6]CJ Code 기준'!$A$1:$D$445
Name ___________raw4: '[6]CJ Code 기준'!$A$1:$D$444
Name ___________sp01: '[1]2000년1월기준'!$B$7:$F$232
Name __________DAT100: '[8]2004'!$CX$2:$CX$61
Name __________DAT101: '[8]2004'!$CY$2:$CY$61
Name __________DAT102: '[8]2004'!$CZ$2:$CZ$61
Name __________DAT103: '[8]2004'!$DA$2:$DA$61
Name __________DAT104: '[8]2004'!$DB$2:$DB$61
Name __________DAT105: '[8]2004'!$DC$2:$DC$61
Name __________DAT106: '[8]2004'!$DD$2:$DD$61
Name __________DAT107: '[8]2004'!$DE$2:$DE$61
Name __________DAT108: '[8]2004'!$DF$2:$DF$61

Sheet 생산일지(가공)(MES)
E2: =+[93]일일보고!D2 -> 45027 | Y2: 작성 | Z2: 검토 | AA2: 승인
B6: 펠렛기 | C6: 팀구분 | D6: 제품명 | E6: 가동시간 | H6: 잔량 처리 | I6: 총 가동 | J6: 생산량 | K6: 생산성 | L6: 인출빈 | M6: 제품빈 | N6: 다이 규격 | O6: 다이 두께 | P6: 다이-롤 간격 | Q6: 피더 | R6: 전류 | S6: 감압 압력 | T6: 컨디셔너 온도 | U6: 제품 온도 | V6: 쿨러 온도 | W6: 크럼블 사용유무 | X6: P.D.I | Y6: 경도 | Z6: 청소량(kg) | AA6: Hz
E7: 시작 | F7: ~ | G7: 종료
AC8: ← 건들지 마세요
B15: 1 | C15: =IFERROR(INDEX('[93]가공(백데이터)'!D$6:D$9224,1/LARGE(INDEX(('[93]가공(백데이터)'!$B$6:$B$9224='생산일지(가공)(MES)'!$E$2)*('[93]가공(백데이터)'!$C$6:$C$9224='생산일지(가공)(MES)'!$B15)/ROW('[93]가공(백데이터)'!$A$6:$A$9224),),ROW('[93]가공(백데이터)'!A8))-5),"") | D15: =IFERROR(INDEX('[93]가공(백데이터)'!E$6:E$9224,1/LARGE(INDEX(('[93]가공(백데이터)'!$B$6:$B$9224='생산일지(가공)(MES)'!$E$2)*('[93]가공(백데이터)'!$C$6:$C$9224='생산일지(가공)(MES)'!$B15)/ROW('[93]가공(백데이터)'!$A$6:$A$9224),),ROW('[93]가공(백데이터)'!B8))-5),"") | E15: =IFERROR(INDEX('[93]가공(백데이터)'!F$6:F$9224,1/LARGE(INDEX(('[93]가공(백데이터)'!$B$6:$B$9224='생산일지(가공)(MES)'!$E$2)*('[93]가공(백데이터)'!$C$6:$C$9224='생산일지(가공)(MES)'!$B15)/ROW('[93]가공(백데이터)'!$A$6:$A$9224),),ROW('[93]가공(백데이터)'!C8))-5),"") | F15: =IFERROR(INDEX('[93]가공(백데이터)'!G$6:G$9224,1/LARGE(INDEX(('[93]가공(백데이터)'!$B$6:$B$9224='생산일지(가공)(MES)'!$E$2)*('[93]가공(백데이터)'!$C$6:$C$9224='생산일지(가공)(MES)'!$B15)/ROW('[93]가공(백데이터)'!$A$6:$A$9224),),ROW('[93]가공(백데이터)'!D8))-5),"") | G15: =IFERROR(INDEX('[93]가공(백데이터)'!H$6:H$9224,1/LARGE(INDEX(('[93]가공(백데이터)'!$B$6:$B$9224='생산일지(가공)(MES)'!$E$2)*('[93]가공(백데이터)'!$C$6:$C$9224='생산일지(가공)(MES)'!$B15)/ROW('[93]가공(백데이터)'!$A$6:$A$9224),),ROW('[93]가공(백데이터)'!E8))-5),"") | H15: =IFERROR(INDEX('[93]가공(백데이터)'!I$6:I$9224,1/LARGE(INDEX(('[93]가공(백데이터)'!$B$6:$B$9224='생산일지(가공)(MES)'!$E$2)*('[93]가공(백데이터)'!$C$6:$C$9224='생산일지(가공)(MES)'!$B15)/ROW('[93]가공(백데이터)'!$A$6:$A$9224),),ROW('[93]가공(백데이터)'!F8))-5),"") | I15: =IFERROR(INDEX('[93]가공(백데이터)'!J$6:J$9224,1/LARGE(INDEX(('[93]가공(백데이터)'!$B$6:$B$9224='생산일지(가공)(MES)'!$E$2)*('[93]가공(백데이터)'!$C$6:$C$9224='생산일지(가공)(MES)'!$B15)/ROW('[93]가공(백데이터)'!$A$6:$A$9224),),ROW('[93]가공(백데이터)'!G8))-5),"") | J15: =IFERROR(INDEX('[93]가공(백데이터)'!K$6:K$9224,1/LARGE(INDEX(('[93]가공(백데이터)'!$B$6:$B$9224='생산일지(가공)(MES)'!$E$2)*('[93]가공(백데이터)'!$C$6:$C$9224='생산일지(가공)(MES)'!$B15)/ROW('[93]가공(백데이터)'!$A$6:$A$9224),),ROW('[93]가공(백데이터)'!H8))-5),"") | ... AA15: =IFERROR(INDEX('[93]가공(백데이터)'!AB$6:AB$9224,1/LARGE(INDEX(('[93]가공(백데이터)'!$B$6:$B$9224='생산일지(가공)(MES)'!$E$2)*('[93]가공(백데이터)'!$C$6:$C$9224='생산일지(가공)(MES)'!$B15)/ROW('[93]가공(백데이터)'!$A$6:$A$9224),),ROW('[93]가공(백데이터)'!Y8))-5),"")
B16: 1 | C16: =IFERROR(INDEX('[93]가공(백데이터)'!D$6:D$9224,1/LARGE(INDEX(('[93]가공(백데이터)'!$B$6:$B$9224='생산일지(가공)(MES)'!$E$2)*('[93]가공(백데이터)'!$C$6:$C$9224='생산일지(가공)(MES)'!$B16)/ROW('[93]가공(백데이터)'!$A$6:$A$9224),),ROW('[93]가공(백데이터)'!A9))-5),"") | D16: =IFERROR(INDEX('[93]가공(백데이터)'!E$6:E$9224,1/LARGE(INDEX(('[93]가공(백데이터)'!$B$6:$B$9224='생산일지(가공)(MES)'!$E$2)*('[93]가공(백데이터)'!$C$6:$C$9224='생산일지(가공)(MES)'!$B16)/ROW('[93]가공(백데이터)'!$A$6:$A$9224),),ROW('[93]가공(백데이터)'!B9))-5),"") | E16: =IFERROR(INDEX('[93]가공(백데이터)'!F$6:F$9224,1/LARGE(INDEX(('[93]가공(백데이터)'!$B$6:$B$9224='생산일지(가공)(MES)'!$E$2)*('[93]가공(백데이터)'!$C$6:$C$9224='생산일지(가공)(MES)'!$B16)/ROW('[93]가공(백데이터)'!$A$6:$A$9224),),ROW('[93]가공(백데이터)'!C9))-5),"") | F16: =IFERROR(INDEX('[93]가공(백데이터)'!G$6:G$9224,1/LARGE(INDEX(('[93]가공(백데이터)'!$B$6:$B$9224='생산일지(가공)(MES)'!$E$2)*('[93]가공(백데이터)'!$C$6:$C$9224='생산일지(가공)(MES)'!$B16)/ROW('[93]가공(백데이터)'!$A$6:$A$9224),),ROW('[93]가공(백데이터)'!D9))-5),"") | G16: =IFERROR(INDEX('[93]가공(백데이터)'!H$6:H$9224,1/LARGE(INDEX(('[93]가공(백데이터)'!$B$6:$B$9224='생산일지(가공)(MES)'!$E$2)*('[93]가공(백데이터)'!$C$6:$C$9224='생산일지(가공)(MES)'!$B16)/ROW('[93]가공(백데이터)'!$A$6:$A$9224),),ROW('[93]가공(백데이터)'!E9))-5),"") | H16: =IFERROR(INDEX('[93]가공(백데이터)'!I$6:I$9224,1/LARGE(INDEX(('[93]가공(백데이터)'!$B$6:$B$9224='생산일지(가공)(MES)'!$E$2)*('[93]가공(백데이터)'!$C$6:$C$9224='생산일지(가공)(MES)'!$B16)/ROW('[93]가공(백데이터)'!$A$6:$A$9224),),ROW('[93]가공(백데이터)'!F9))-5),"") | I16: =IFERROR(INDEX('[93]가공(백데이터)'!J$6:J$9224,1/LARGE(INDEX(('[93]가공(백데이터)'!$B$6:$B$9224='생산일지(가공)(MES)'!$E$2)*('[93]가공(백데이터)'!$C$6:$C$9224='생산일지(가공)(MES)'!$B16)/ROW('[93]가공(백데이터)'!$A$6:$A$9224),),ROW('[93]가공(백데이터)'!G9))-5),"") | J16: =IFERROR(INDEX('[93]가공(백데이터)'!K$6:K$9224,1/LARGE(INDEX(('[93]가공(백데이터)'!$B$6:$B$9224='생산일지(가공)(MES)'!$E$2)*('[93]가공(백데이터)'!$C$6:$C$9224='생산일지(가공)(MES)'!$B16)/ROW('[93]가공(백데이터)'!$A$6:$A$9224),),ROW('[93]가공(백데이터)'!H9))-5),"") | ... AA16: =IFERROR(INDEX('[93]가공(백데이터)'!AB$6:AB$9224,1/LARGE(INDEX(('[93]가공(백데이터)'!$B$6:$B$9224='생산일지(가공)(MES)'!$E$2)*('[93]가공(백데이터)'!$C$6:$C$9224='생산일지(가공)(MES)'!$B16)/ROW('[93]가공(백데이터)'!$A$6:$A$9224),),ROW('[93]가공(백데이터)'!Y9))-5),"")
B17: 1 | C17: =IFERROR(INDEX('[93]가공(백데이터)'!D$6:D$9224,1/LARGE(INDEX(('[93]가공(백데이터)'!$B$6:$B$9224='생산일지(가공)(MES)'!$E$2)*('[93]가공(백데이터)'!$C$6:$C$9224='생산일지(가공)(MES)'!$B17)/ROW('[93]가공(백데이터)'!$A$6:$A$9224),),ROW('[93]가공(백데이터)'!A10))-5),"") | D17: =IFERROR(INDEX('[93]가공(백데이터)'!E$6:E$9224,1/LARGE(INDEX(('[93]가공(백데이터)'!$B$6:$B$9224='생산일지(가공)(MES)'!$E$2)*('[93]가공(백데이터)'!$C$6:$C$9224='생산일지(가공)(MES)'!$B17)/ROW('[93]가공(백데이터)'!$A$6:$A$9224),),ROW('[93]가공(백데이터)'!B10))-5),"") | E17: =IFERROR(INDEX('[93]가공(백데이터)'!F$6:F$9224,1/LARGE(INDEX(('[93]가공(백데이터)'!$B$6:$B$9224='생산일지(가공)(MES)'!$E$2)*('[93]가공(백데이터)'!$C$6:$C$9224='생산일지(가공)(MES)'!$B17)/ROW('[93]가공(백데이터)'!$A$6:$A$9224),),ROW('[93]가공(백데이터)'!C10))-5),"") | F17: =IFERROR(INDEX('[93]가공(백데이터)'!G$6:G$9224,1/LARGE(INDEX(('[93]가공(백데이터)'!$B$6:$B$9224='생산일지(가공)(MES)'!$E$2)*('[93]가공(백데이터)'!$C$6:$C$9224='생산일지(가공)(MES)'!$B17)/ROW('[93]가공(백데이터)'!$A$6:$A$9224),),ROW('[93]가공(백데이터)'!D10))-5),"") | G17: =IFERROR(INDEX('[93]가공(백데이터)'!H$6:H$9224,1/LARGE(INDEX(('[93]가공(백데이터)'!$B$6:$B$9224='생산일지(가공)(MES)'!$E$2)*('[93]가공(백데이터)'!$C$6:$C$9224='생산일지(가공)(MES)'!$B17)/ROW('[93]가공(백데이터)'!$A$6:$A$9224),),ROW('[93]가공(백데이터)'!E10))-5),"") | H17: =IFERROR(INDEX('[93]가공(백데이터)'!I$6:I$9224,1/LARGE(INDEX(('[93]가공(백데이터)'!$B$6:$B$9224='생산일지(가공)(MES)'!$E$2)*('[93]가공(백데이터)'!$C$6:$C$9224='생산일지(가공)(MES)'!$B17)/ROW('[93]가공(백데이터)'!$A$6:$A$9224),),ROW('[93]가공(백데이터)'!F10))-5),"") | I17: =IFERROR(INDEX('[93]가공(백데이터)'!J$6:J$9224,1/LARGE(INDEX(('[93]가공(백데이터)'!$B$6:$B$9224='생산일지(가공)(MES)'!$E$2)*('[93]가공(백데이터)'!$C$6:$C$9224='생산일지(가공)(MES)'!$B17)/ROW('[93]가공(백데이터)'!$A$6:$A$9224),),ROW('[93]가공(백데이터)'!G10))-5),"") | J17: =IFERROR(INDEX('[93]가공(백데이터)'!K$6:K$9224,1/LARGE(INDEX(('[93]가공(백데이터)'!$B$6:$B$9224='생산일지(가공)(MES)'!$E$2)*('[93]가공(백데이터)'!$C$6:$C$9224='생산일지(가공)(MES)'!$B17)/ROW('[93]가공(백데이터)'!$A$6:$A$9224),),ROW('[93]가공(백데이터)'!H10))-5),"") | ... AA17: =IFERROR(INDEX('[93]가공(백데이터)'!AB$6:AB$9224,1/LARGE(INDEX(('[93]가공(백데이터)'!$B$6:$B$9224='생산일지(가공)(MES)'!$E$2)*('[93]가공(백데이터)'!$C$6:$C$9224='생산일지(가공)(MES)'!$B17)/ROW('[93]가공(백데이터)'!$A$6:$A$9224),),ROW('[93]가공(백데이터)'!Y10))-5),"")
C18: =IFERROR(INDEX('[93]가공(백데이터)'!D$6:D$9224,1/LARGE(INDEX(('[93]가공(백데이터)'!$B$6:$B$9224='생산일지(가공)(MES)'!$E$2)*('[93]가공(백데이터)'!$C$6:$C$9224='생산일지(가공)(MES)'!$B18)/ROW('[93]가공(백데이터)'!$A$6:$A$9224),),ROW('[93]가공(백데이터)'!A1))-5),"") | D18: =IFERROR(INDEX('[93]가공(백데이터)'!E$6:E$9224,1/LARGE(INDEX(('[93]가공(백데이터)'!$B$6:$B$9224='생산일지(가공)(MES)'!$E$2)*('[93]가공(백데이터)'!$C$6:$C$9224='생산일지(가공)(MES)'!$B18)/ROW('[93]가공(백데이터)'!$A$6:$A$9224),),ROW('[93]가공(백데이터)'!B1))-5),"") | E18: =IFERROR(INDEX('[93]가공(백데이터)'!F$6:F$9224,1/LARGE(INDEX(('[93]가공(백데이터)'!$B$6:$B$9224='생산일지(가공)(MES)'!$E$2)*('[93]가공(백데이터)'!$C$6:$C$9224='생산일지(가공)(MES)'!$B18)/ROW('[93]가공(백데이터)'!$A$6:$A$9224),),ROW('[93]가공(백데이터)'!C1))-5),"") | F18: =IFERROR(INDEX('[93]가공(백데이터)'!G$6:G$9224,1/LARGE(INDEX(('[93]가공(백데이터)'!$B$6:$B$9224='생산일지(가공)(MES)'!$E$2)*('[93]가공(백데이터)'!$C$6:$C$9224='생산일지(가공)(MES)'!$B18)/ROW('[93]가공(백데이터)'!$A$6:$A$9224),),ROW('[93]가공(백데이터)'!D1))-5),"") | G18: =IFERROR(INDEX('[93]가공(백데이터)'!H$6:H$9224,1/LARGE(INDEX(('[93]가공(백데이터)'!$B$6:$B$9224='생산일지(가공)(MES)'!$E$2)*('[93]가공(백데이터)'!$C$6:$C$9224='생산일지(가공)(MES)'!$B18)/ROW('[93]가공(백데이터)'!$A$6:$A$9224),),ROW('[93]가공(백데이터)'!E1))-5),"") | H18: =IFERROR(INDEX('[93]가공(백데이터)'!I$6:I$9224,1/LARGE(INDEX(('[93]가공(백데이터)'!$B$6:$B$9224='생산일지(가공)(MES)'!$E$2)*('[93]가공(백데이터)'!$C$6:$C$9224='생산일지(가공)(MES)'!$B18)/ROW('[93]가공(백데이터)'!$A$6:$A$9224),),ROW('[93]가공(백데이터)'!F1))-5),"") | I18: =IFERROR(INDEX('[93]가공(백데이터)'!J$6:J$9224,1/LARGE(INDEX(('[93]가공(백데이터)'!$B$6:$B$9224='생산일지(가공)(MES)'!$E$2)*('[93]가공(백데이터)'!$C$6:$C$9224='생산일지(가공)(MES)'!$B18)/ROW('[93]가공(백데이터)'!$A$6:$A$9224),),ROW('[93]가공(백데이터)'!G1))-5),"") | J18: =IFERROR(INDEX('[93]가공(백데이터)'!K$6:K$9224,1/LARGE(INDEX(('[93]가공(백데이터)'!$B$6:$B$9224='생산일지(가공)(MES)'!$E$2)*('[93]가공(백데이터)'!$C$6:$C$9224='생산일지(가공)(MES)'!$B18)/ROW('[93]가공(백데이터)'!$A$6:$A$9224),),ROW('[93]가공(백데이터)'!H1))-5),"") | ... AA18: =IFERROR(INDEX('[93]가공(백데이터)'!AB$6:AB$9224,1/LARGE(INDEX(('[93]가공(백데이터)'!$B$6:$B$9224='생산일지(가공)(MES)'!$E$2)*('[93]가공(백데이터)'!$C$6:$C$9224='생산일지(가공)(MES)'!$B18)/ROW('[93]가공(백데이터)'!$A$6:$A$9224),),ROW('[93]가공(백데이터)'!Y1))-5),"")
B19: 2
B20: 2
B21: 2 | C21: =IFERROR(INDEX('[93]가공(백데이터)'!D$6:D$9224,1/LARGE(INDEX(('[93]가공(백데이터)'!$B$6:$B$9224='생산일지(가공)(MES)'!$E$2)*('[93]가공(백데이터)'!$C$6:$C$9224='생산일지(가공)(MES)'!$B21)/ROW('[93]가공(백데이터)'!$A$6:$A$9224),),ROW('[93]가공(백데이터)'!A4))-5),"") | D21: =IFERROR(INDEX('[93]가공(백데이터)'!E$6:E$9224,1/LARGE(INDEX(('[93]가공(백데이터)'!$B$6:$B$9224='생산일지(가공)(MES)'!$E$2)*('[93]가공(백데이터)'!$C$6:$C$9224='생산일지(가공)(MES)'!$B21)/ROW('[93]가공(백데이터)'!$A$6:$A$9224),),ROW('[93]가공(백데이터)'!B4))-5),"")
B22: 2 | C22: =IFERROR(INDEX('[93]가공(백데이터)'!D$6:D$9224,1/LARGE(INDEX(('[93]가공(백데이터)'!$B$6:$B$9224='생산일지(가공)(MES)'!$E$2)*('[93]가공(백데이터)'!$C$6:$C$9224='생산일지(가공)(MES)'!$B22)/ROW('[93]가공(백데이터)'!$A$6:$A$9224),),ROW('[93]가공(백데이터)'!A5))-5),"") | D22: =IFERROR(INDEX('[93]가공(백데이터)'!E$6:E$9224,1/LARGE(INDEX(('[93]가공(백데이터)'!$B$6:$B$9224='생산일지(가공)(MES)'!$E$2)*('[93]가공(백데이터)'!$C$6:$C$9224='생산일지(가공)(MES)'!$B22)/ROW('[93]가공(백데이터)'!$A$6:$A$9224),),ROW('[93]가공(백데이터)'!B5))-5),"") | E22: =IFERROR(INDEX('[93]가공(백데이터)'!F$6:F$9224,1/LARGE(INDEX(('[93]가공(백데이터)'!$B$6:$B$9224='생산일지(가공)(MES)'!$E$2)*('[93]가공(백데이터)'!$C$6:$C$9224='생산일지(가공)(MES)'!$B22)/ROW('[93]가공(백데이터)'!$A$6:$A$9224),),ROW('[93]가공(백데이터)'!C5))-5),"") | F22: =IFERROR(INDEX('[93]가공(백데이터)'!G$6:G$9224,1/LARGE(INDEX(('[93]가공(백데이터)'!$B$6:$B$9224='생산일지(가공)(MES)'!$E$2)*('[93]가공(백데이터)'!$C$6:$C$9224='생산일지(가공)(MES)'!$B22)/ROW('[93]가공(백데이터)'!$A$6:$A$9224),),ROW('[93]가공(백데이터)'!D5))-5),"") | G22: =IFERROR(INDEX('[93]가공(백데이터)'!H$6:H$9224,1/LARGE(INDEX(('[93]가공(백데이터)'!$B$6:$B$9224='생산일지(가공)(MES)'!$E$2)*('[93]가공(백데이터)'!$C$6:$C$9224='생산일지(가공)(MES)'!$B22)/ROW('[93]가공(백데이터)'!$A$6:$A$9224),),ROW('[93]가공(백데이터)'!E5))-5),"") | H22: =IFERROR(INDEX('[93]가공(백데이터)'!I$6:I$9224,1/LARGE(INDEX(('[93]가공(백데이터)'!$B$6:$B$9224='생산일지(가공)(MES)'!$E$2)*('[93]가공(백데이터)'!$C$6:$C$9224='생산일지(가공)(MES)'!$B22)/ROW('[93]가공(백데이터)'!$A$6:$A$9224),),ROW('[93]가공(백데이터)'!F5))-5),"") | I22: =IFERROR(INDEX('[93]가공(백데이터)'!J$6:J$9224,1/LARGE(INDEX(('[93]가공(백데이터)'!$B$6:$B$9224='생산일지(가공)(MES)'!$E$2)*('[93]가공(백데이터)'!$C$6:$C$9224='생산일지(가공)(MES)'!$B22)/ROW('[93]가공(백데이터)'!$A$6:$A$9224),),ROW('[93]가공(백데이터)'!G5))-5),"") | J22: =IFERROR(INDEX('[93]가공(백데이터)'!K$6:K$9224,1/LARGE(INDEX(('[93]가공(백데이터)'!$B$6:$B$9224='생산일지(가공)(MES)'!$E$2)*('[93]가공(백데이터)'!$C$6:$C$9224='생산일지(가공)(MES)'!$B22)/ROW('[93]가공(백데이터)'!$A$6:$A$9224),),ROW('[93]가공(백데이터)'!H5))-5),"") | ... AA22: =IFERROR(INDEX('[93]가공(백데이터)'!AB$6:AB$9224,1/LARGE(INDEX(('[93]가공(백데이터)'!$B$6:$B$9224='생산일지(가공)(MES)'!$E$2)*('[93]가공(백데이터)'!$C$6:$C$9224='생산일지(가공)(MES)'!$B22)/ROW('[93]가공(백데이터)'!$A$6:$A$9224),),ROW('[93]가공(백데이터)'!Y5))-5),"")
B23: 2 | C23: =IFERROR(INDEX('[93]가공(백데이터)'!D$6:D$9224,1/LARGE(INDEX(('[93]가공(백데이터)'!$B$6:$B$9224='생산일지(가공)(MES)'!$E$2)*('[93]가공(백데이터)'!$C$6:$C$9224='생산일지(가공)(MES)'!$B23)/ROW('[93]가공(백데이터)'!$A$6:$A$9224),),ROW('[93]가공(백데이터)'!A6))-5),"") | D23: =IFERROR(INDEX('[93]가공(백데이터)'!E$6:E$9224,1/LARGE(INDEX(('[93]가공(백데이터)'!$B$6:$B$9224='생산일지(가공)(MES)'!$E$2)*('[93]가공(백데이터)'!$C$6:$C$9224='생산일지(가공)(MES)'!$B23)/ROW('[93]가공(백데이터)'!$A$6:$A$9224),),ROW('[93]가공(백데이터)'!B6))-5),"") | E23: =IFERROR(INDEX('[93]가공(백데이터)'!F$6:F$9224,1/LARGE(INDEX(('[93]가공(백데이터)'!$B$6:$B$9224='생산일지(가공)(MES)'!$E$2)*('[93]가공(백데이터)'!$C$6:$C$9224='생산일지(가공)(MES)'!$B23)/ROW('[93]가공(백데이터)'!$A$6:$A$9224),),ROW('[93]가공(백데이터)'!C6))-5),"") | F23: =IFERROR(INDEX('[93]가공(백데이터)'!G$6:G$9224,1/LARGE(INDEX(('[93]가공(백데이터)'!$B$6:$B$9224='생산일지(가공)(MES)'!$E$2)*('[93]가공(백데이터)'!$C$6:$C$9224='생산일지(가공)(MES)'!$B23)/ROW('[93]가공(백데이터)'!$A$6:$A$9224),),ROW('[93]가공(백데이터)'!D6))-5),"") | G23: =IFERROR(INDEX('[93]가공(백데이터)'!H$6:H$9224,1/LARGE(INDEX(('[93]가공(백데이터)'!$B$6:$B$9224='생산일지(가공)(MES)'!$E$2)*('[93]가공(백데이터)'!$C$6:$C$9224='생산일지(가공)(MES)'!$B23)/ROW('[93]가공(백데이터)'!$A$6:$A$9224),),ROW('[93]가공(백데이터)'!E6))-5),"") | H23: =IFERROR(INDEX('[93]가공(백데이터)'!I$6:I$9224,1/LARGE(INDEX(('[93]가공(백데이터)'!$B$6:$B$9224='생산일지(가공)(MES)'!$E$2)*('[93]가공(백데이터)'!$C$6:$C$9224='생산일지(가공)(MES)'!$B23)/ROW('[93]가공(백데이터)'!$A$6:$A$9224),),ROW('[93]가공(백데이터)'!F6))-5),"") | I23: =IFERROR(INDEX('[93]가공(백데이터)'!J$6:J$9224,1/LARGE(INDEX(('[93]가공(백데이터)'!$B$6:$B$9224='생산일지(가공)(MES)'!$E$2)*('[93]가공(백데이터)'!$C$6:$C$9224='생산일지(가공)(MES)'!$B23)/ROW('[93]가공(백데이터)'!$A$6:$A$9224),),ROW('[93]가공(백데이터)'!G6))-5),"") | J23: =IFERROR(INDEX('[93]가공(백데이터)'!K$6:K$9224,1/LARGE(INDEX(('[93]가공(백데이터)'!$B$6:$B$9224='생산일지(가공)(MES)'!$E$2)*('[93]가공(백데이터)'!$C$6:$C$9224='생산일지(가공)(MES)'!$B23)/ROW('[93]가공(백데이터)'!$A$6:$A$9224),),ROW('[93]가공(백데이터)'!H6))-5),"") | ... AA23: =IFERROR(INDEX('[93]가공(백데이터)'!AB$6:AB$9224,1/LARGE(INDEX(('[93]가공(백데이터)'!$B$6:$B$9224='생산일지(가공)(MES)'!$E$2)*('[93]가공(백데이터)'!$C$6:$C$9224='생산일지(가공)(MES)'!$B23)/ROW('[93]가공(백데이터)'!$A$6:$A$9224),),ROW('[93]가공(백데이터)'!Y6))-5),"")
B24: 2 | C24: =IFERROR(INDEX('[93]가공(백데이터)'!D$6:D$9224,1/LARGE(INDEX(('[93]가공(백데이터)'!$B$6:$B$9224='생산일지(가공)(MES)'!$E$2)*('[93]가공(백데이터)'!$C$6:$C$9224='생산일지(가공)(MES)'!$B24)/ROW('[93]가공(백데이터)'!$A$6:$A$9224),),ROW('[93]가공(백데이터)'!A7))-5),"") | D24: =IFERROR(INDEX('[93]가공(백데이터)'!E$6:E$9224,1/LARGE(INDEX(('[93]가공(백데이터)'!$B$6:$B$9224='생산일지(가공)(MES)'!$E$2)*('[93]가공(백데이터)'!$C$6:$C$9224='생산일지(가공)(MES)'!$B24)/ROW('[93]가공(백데이터)'!$A$6:$A$9224),),ROW('[93]가공(백데이터)'!B7))-5),"") | E24: =IFERROR(INDEX('[93]가공(백데이터)'!F$6:F$9224,1/LARGE(INDEX(('[93]가공(백데이터)'!$B$6:$B$9224='생산일지(가공)(MES)'!$E$2)*('[93]가공(백데이터)'!$C$6:$C$9224='생산일지(가공)(MES)'!$B24)/ROW('[93]가공(백데이터)'!$A$6:$A$9224),),ROW('[93]가공(백데이터)'!C7))-5),"") | F24: =IFERROR(INDEX('[93]가공(백데이터)'!G$6:G$9224,1/LARGE(INDEX(('[93]가공(백데이터)'!$B$6:$B$9224='생산일지(가공)(MES)'!$E$2)*('[93]가공(백데이터)'!$C$6:$C$9224='생산일지(가공)(MES)'!$B24)/ROW('[93]가공(백데이터)'!$A$6:$A$9224),),ROW('[93]가공(백데이터)'!D7))-5),"") | G24: =IFERROR(INDEX('[93]가공(백데이터)'!H$6:H$9224,1/LARGE(INDEX(('[93]가공(백데이터)'!$B$6:$B$9224='생산일지(가공)(MES)'!$E$2)*('[93]가공(백데이터)'!$C$6:$C$9224='생산일지(가공)(MES)'!$B24)/ROW('[93]가공(백데이터)'!$A$6:$A$9224),),ROW('[93]가공(백데이터)'!E7))-5),"") | H24: =IFERROR(INDEX('[93]가공(백데이터)'!I$6:I$9224,1/LARGE(INDEX(('[93]가공(백데이터)'!$B$6:$B$9224='생산일지(가공)(MES)'!$E$2)*('[93]가공(백데이터)'!$C$6:$C$9224='생산일지(가공)(MES)'!$B24)/ROW('[93]가공(백데이터)'!$A$6:$A$9224),),ROW('[93]가공(백데이터)'!F7))-5),"") | I24: =IFERROR(INDEX('[93]가공(백데이터)'!J$6:J$9224,1/LARGE(INDEX(('[93]가공(백데이터)'!$B$6:$B$9224='생산일지(가공)(MES)'!$E$2)*('[93]가공(백데이터)'!$C$6:$C$9224='생산일지(가공)(MES)'!$B24)/ROW('[93]가공(백데이터)'!$A$6:$A$9224),),ROW('[93]가공(백데이터)'!G7))-5),"") | J24: =IFERROR(INDEX('[93]가공(백데이터)'!K$6:K$9224,1/LARGE(INDEX(('[93]가공(백데이터)'!$B$6:$B$9224='생산일지(가공)(MES)'!$E$2)*('[93]가공(백데이터)'!$C$6:$C$9224='생산일지(가공)(MES)'!$B24)/ROW('[93]가공(백데이터)'!$A$6:$A$9224),),ROW('[93]가공(백데이터)'!H7))-5),"") | ... AA24: =IFERROR(INDEX('[93]가공(백데이터)'!AB$6:AB$9224,1/LARGE(INDEX(('[93]가공(백데이터)'!$B$6:$B$9224='생산일지(가공)(MES)'!$E$2)*('[93]가공(백데이터)'!$C$6:$C$9224='생산일지(가공)(MES)'!$B24)/ROW('[93]가공(백데이터)'!$A$6:$A$9224),),ROW('[93]가공(백데이터)'!Y7))-5),"")
B25: 2 | C25: =IFERROR(INDEX('[93]가공(백데이터)'!D$6:D$9224,1/LARGE(INDEX(('[93]가공(백데이터)'!$B$6:$B$9224='생산일지(가공)(MES)'!$E$2)*('[93]가공(백데이터)'!$C$6:$C$9224='생산일지(가공)(MES)'!$B25)/ROW('[93]가공(백데이터)'!$A$6:$A$9224),),ROW('[93]가공(백데이터)'!A8))-5),"") | D25: =IFERROR(INDEX('[93]가공(백데이터)'!E$6:E$9224,1/LARGE(INDEX(('[93]가공(백데이터)'!$B$6:$B$9224='생산일지(가공)(MES)'!$E$2)*('[93]가공(백데이터)'!$C$6:$C$9224='생산일지(가공)(MES)'!$B25)/ROW('[93]가공(백데이터)'!$A$6:$A$9224),),ROW('[93]가공(백데이터)'!B8))-5),"") | E25: =IFERROR(INDEX('[93]가공(백데이터)'!F$6:F$9224,1/LARGE(INDEX(('[93]가공(백데이터)'!$B$6:$B$9224='생산일지(가공)(MES)'!$E$2)*('[93]가공(백데이터)'!$C$6:$C$9224='생산일지(가공)(MES)'!$B25)/ROW('[93]가공(백데이터)'!$A$6:$A$9224),),ROW('[93]가공(백데이터)'!C8))-5),"") | F25: =IFERROR(INDEX('[93]가공(백데이터)'!G$6:G$9224,1/LARGE(INDEX(('[93]가공(백데이터)'!$B$6:$B$9224='생산일지(가공)(MES)'!$E$2)*('[93]가공(백데이터)'!$C$6:$C$9224='생산일지(가공)(MES)'!$B25)/ROW('[93]가공(백데이터)'!$A$6:$A$9224),),ROW('[93]가공(백데이터)'!D8))-5),"") | H25: =IFERROR(INDEX('[93]가공(백데이터)'!I$6:I$9224,1/LARGE(INDEX(('[93]가공(백데이터)'!$B$6:$B$9224='생산일지(가공)(MES)'!$E$2)*('[93]가공(백데이터)'!$C$6:$C$9224='생산일지(가공)(MES)'!$B25)/ROW('[93]가공(백데이터)'!$A$6:$A$9224),),ROW('[93]가공(백데이터)'!F8))-5),"") | I25: =IFERROR(INDEX('[93]가공(백데이터)'!J$6:J$9224,1/LARGE(INDEX(('[93]가공(백데이터)'!$B$6:$B$9224='생산일지(가공)(MES)'!$E$2)*('[93]가공(백데이터)'!$C$6:$C$9224='생산일지(가공)(MES)'!$B25)/ROW('[93]가공(백데이터)'!$A$6:$A$9224),),ROW('[93]가공(백데이터)'!G8))-5),"") | J25: =IFERROR(INDEX('[93]가공(백데이터)'!K$6:K$9224,1/LARGE(INDEX(('[93]가공(백데이터)'!$B$6:$B$9224='생산일지(가공)(MES)'!$E$2)*('[93]가공(백데이터)'!$C$6:$C$9224='생산일지(가공)(MES)'!$B25)/ROW('[93]가공(백데이터)'!$A$6:$A$9224),),ROW('[93]가공(백데이터)'!H8))-5),"") | K25: =IFERROR(INDEX('[93]가공(백데이터)'!L$6:L$9224,1/LARGE(INDEX(('[93]가공(백데이터)'!$B$6:$B$9224='생산일지(가공)(MES)'!$E$2)*('[93]가공(백데이터)'!$C$6:$C$9224='생산일지(가공)(MES)'!$B25)/ROW('[93]가공(백데이터)'!$A$6:$A$9224),),ROW('[93]가공(백데이터)'!I8))-5),"") | L25: =IFERROR(INDEX('[93]가공(백데이터)'!M$6:M$9224,1/LARGE(INDEX(('[93]가공(백데이터)'!$B$6:$B$9224='생산일지(가공)(MES)'!$E$2)*('[93]가공(백데이터)'!$C$6:$C$9224='생산일지(가공)(MES)'!$B25)/ROW('[93]가공(백데이터)'!$A$6:$A$9224),),ROW('[93]가공(백데이터)'!J8))-5),"") | M25: =IFERROR(INDEX('[93]가공(백데이터)'!N$6:N$9224,1/LARGE(INDEX(('[93]가공(백데이터)'!$B$6:$B$9224='생산일지(가공)(MES)'!$E$2)*('[93]가공(백데이터)'!$C$6:$C$9224='생산일지(가공)(MES)'!$B25)/ROW('[93]가공(백데이터)'!$A$6:$A$9224),),ROW('[93]가공(백데이터)'!K8))-5),"") | N25: =IFERROR(INDEX('[93]가공(백데이터)'!O$6:O$9224,1/LARGE(INDEX(('[93]가공(백데이터)'!$B$6:$B$9224='생산일지(가공)(MES)'!$E$2)*('[93]가공(백데이터)'!$C$6:$C$9224='생산일지(가공)(MES)'!$B25)/ROW('[93]가공(백데이터)'!$A$6:$A$9224),),ROW('[93]가공(백데이터)'!L8))-5),"") | O25: =IFERROR(INDEX('[93]가공(백데이터)'!P$6:P$9224,1/LARGE(INDEX(('[93]가공(백데이터)'!$B$6:$B$9224='생산일지(가공)(MES)'!$E$2)*('[93]가공(백데이터)'!$C$6:$C$9224='생산일지(가공)(MES)'!$B25)/ROW('[93]가공(백데이터)'!$A$6:$A$9224),),ROW('[93]가공(백데이터)'!M8))-5),"") | ... AA25: =IFERROR(INDEX('[93]가공(백데이터)'!AB$6:AB$9224,1/LARGE(INDEX(('[93]가공(백데이터)'!$B$6:$B$9224='생산일지(가공)(MES)'!$E$2)*('[93]가공(백데이터)'!$C$6:$C$9224='생산일지(가공)(MES)'!$B25)/ROW('[93]가공(백데이터)'!$A$6:$A$9224),),ROW('[93]가공(백데이터)'!Y8))-5),"")
B26: 2 | C26: =IFERROR(INDEX('[93]가공(백데이터)'!D$6:D$9224,1/LARGE(INDEX(('[93]가공(백데이터)'!$B$6:$B$9224='생산일지(가공)(MES)'!$E$2)*('[93]가공(백데이터)'!$C$6:$C$9224='생산일지(가공)(MES)'!$B26)/ROW('[93]가공(백데이터)'!$A$6:$A$9224),),ROW('[93]가공(백데이터)'!A9))-5),"") | D26: =IFERROR(INDEX('[93]가공(백데이터)'!E$6:E$9224,1/LARGE(INDEX(('[93]가공(백데이터)'!$B$6:$B$9224='생산일지(가공)(MES)'!$E$2)*('[93]가공(백데이터)'!$C$6:$C$9224='생산일지(가공)(MES)'!$B26)/ROW('[93]가공(백데이터)'!$A$6:$A$9224),),ROW('[93]가공(백데이터)'!B9))-5),"") | E26: =IFERROR(INDEX('[93]가공(백데이터)'!F$6:F$9224,1/LARGE(INDEX(('[93]가공(백데이터)'!$B$6:$B$9224='생산일지(가공)(MES)'!$E$2)*('[93]가공(백데이터)'!$C$6:$C$9224='생산일지(가공)(MES)'!$B26)/ROW('[93]가공(백데이터)'!$A$6:$A$9224),),ROW('[93]가공(백데이터)'!C9))-5),"") | F26: =IFERROR(INDEX('[93]가공(백데이터)'!G$6:G$9224,1/LARGE(INDEX(('[93]가공(백데이터)'!$B$6:$B$9224='생산일지(가공)(MES)'!$E$2)*('[93]가공(백데이터)'!$C$6:$C$9224='생산일지(가공)(MES)'!$B26)/ROW('[93]가공(백데이터)'!$A$6:$A$9224),),ROW('[93]가공(백데이터)'!D9))-5),"") | G26: =IFERROR(INDEX('[93]가공(백데이터)'!H$6:H$9224,1/LARGE(INDEX(('[93]가공(백데이터)'!$B$6:$B$9224='생산일지(가공)(MES)'!$E$2)*('[93]가공(백데이터)'!$C$6:$C$9224='생산일지(가공)(MES)'!$B26)/ROW('[93]가공(백데이터)'!$A$6:$A$9224),),ROW('[93]가공(백데이터)'!E9))-5),"") | H26: =IFERROR(INDEX('[93]가공(백데이터)'!I$6:I$9224,1/LARGE(INDEX(('[93]가공(백데이터)'!$B$6:$B$9224='생산일지(가공)(MES)'!$E$2)*('[93]가공(백데이터)'!$C$6:$C$9224='생산일지(가공)(MES)'!$B26)/ROW('[93]가공(백데이터)'!$A$6:$A$9224),),ROW('[93]가공(백데이터)'!F9))-5),"") | I26: =IFERROR(INDEX('[93]가공(백데이터)'!J$6:J$9224,1/LARGE(INDEX(('[93]가공(백데이터)'!$B$6:$B$9224='생산일지(가공)(MES)'!$E$2)*('[93]가공(백데이터)'!$C$6:$C$9224='생산일지(가공)(MES)'!$B26)/ROW('[93]가공(백데이터)'!$A$6:$A$9224),),ROW('[93]가공(백데이터)'!G9))-5),"") | J26: =IFERROR(INDEX('[93]가공(백데이터)'!K$6:K$9224,1/LARGE(INDEX(('[93]가공(백데이터)'!$B$6:$B$9224='생산일지(가공)(MES)'!$E$2)*('[93]가공(백데이터)'!$C$6:$C$9224='생산일지(가공)(MES)'!$B26)/ROW('[93]가공(백데이터)'!$A$6:$A$9224),),ROW('[93]가공(백데이터)'!H9))-5),"") | ... AA26: =IFERROR(INDEX('[93]가공(백데이터)'!AB$6:AB$9224,1/LARGE(INDEX(('[93]가공(백데이터)'!$B$6:$B$9224='생산일지(가공)(MES)'!$E$2)*('[93]가공(백데이터)'!$C$6:$C$9224='생산일지(가공)(MES)'!$B26)/ROW('[93]가공(백데이터)'!$A$6:$A$9224),),ROW('[93]가공(백데이터)'!Y9))-5),"")
B27: 2 | C27: =IFERROR(INDEX('[93]가공(백데이터)'!D$6:D$9224,1/LARGE(INDEX(('[93]가공(백데이터)'!$B$6:$B$9224='생산일지(가공)(MES)'!$E$2)*('[93]가공(백데이터)'!$C$6:$C$9224='생산일지(가공)(MES)'!$B27)/ROW('[93]가공(백데이터)'!$A$6:$A$9224),),ROW('[93]가공(백데이터)'!A10))-5),"") | D27: =IFERROR(INDEX('[93]가공(백데이터)'!E$6:E$9224,1/LARGE(INDEX(('[93]가공(백데이터)'!$B$6:$B$9224='생산일지(가공)(MES)'!$E$2)*('[93]가공(백데이터)'!$C$6:$C$9224='생산일지(가공)(MES)'!$B27)/ROW('[93]가공(백데이터)'!$A$6:$A$9224),),ROW('[93]가공(백데이터)'!B10))-5),"") | E27: =IFERROR(INDEX('[93]가공(백데이터)'!F$6:F$9224,1/LARGE(INDEX(('[93]가공(백데이터)'!$B$6:$B$9224='생산일지(가공)(MES)'!$E$2)*('[93]가공(백데이터)'!$C$6:$C$9224='생산일지(가공)(MES)'!$B27)/ROW('[93]가공(백데이터)'!$A$6:$A$9224),),ROW('[93]가공(백데이터)'!C10))-5),"") | F27: =IFERROR(INDEX('[93]가공(백데이터)'!G$6:G$9224,1/LARGE(INDEX(('[93]가공(백데이터)'!$B$6:$B$9224='생산일지(가공)(MES)'!$E$2)*('[93]가공(백데이터)'!$C$6:$C$9224='생산일지(가공)(MES)'!$B27)/ROW('[93]가공(백데이터)'!$A$6:$A$9224),),ROW('[93]가공(백데이터)'!D10))-5),"") | G27: =IFERROR(INDEX('[93]가공(백데이터)'!H$6:H$9224,1/LARGE(INDEX(('[93]가공(백데이터)'!$B$6:$B$9224='생산일지(가공)(MES)'!$E$2)*('[93]가공(백데이터)'!$C$6:$C$9224='생산일지(가공)(MES)'!$B27)/ROW('[93]가공(백데이터)'!$A$6:$A$9224),),ROW('[93]가공(백데이터)'!E10))-5),"") | H27: =IFERROR(INDEX('[93]가공(백데이터)'!I$6:I$9224,1/LARGE(INDEX(('[93]가공(백데이터)'!$B$6:$B$9224='생산일지(가공)(MES)'!$E$2)*('[93]가공(백데이터)'!$C$6:$C$9224='생산일지(가공)(MES)'!$B27)/ROW('[93]가공(백데이터)'!$A$6:$A$9224),),ROW('[93]가공(백데이터)'!F10))-5),"") | I27: =IFERROR(INDEX('[93]가공(백데이터)'!J$6:J$9224,1/LARGE(INDEX(('[93]가공(백데이터)'!$B$6:$B$9224='생산일지(가공)(MES)'!$E$2)*('[93]가공(백데이터)'!$C$6:$C$9224='생산일지(가공)(MES)'!$B27)/ROW('[93]가공(백데이터)'!$A$6:$A$9224),),ROW('[93]가공(백데이터)'!G10))-5),"") | J27: =IFERROR(INDEX('[93]가공(백데이터)'!K$6:K$9224,1/LARGE(INDEX(('[93]가공(백데이터)'!$B$6:$B$9224='생산일지(가공)(MES)'!$E$2)*('[93]가공(백데이터)'!$C$6:$C$9224='생산일지(가공)(MES)'!$B27)/ROW('[93]가공(백데이터)'!$A$6:$A$9224),),ROW('[93]가공(백데이터)'!H10))-5),"") | ... AA27: =IFERROR(INDEX('[93]가공(백데이터)'!AB$6:AB$9224,1/LARGE(INDEX(('[93]가공(백데이터)'!$B$6:$B$9224='생산일지(가공)(MES)'!$E$2)*('[93]가공(백데이터)'!$C$6:$C$9224='생산일지(가공)(MES)'!$B27)/ROW('[93]가공(백데이터)'!$A$6:$A$9224),),ROW('[93]가공(백데이터)'!Y10))-5),"")
B29: 2. 다이교체 및 가동중단 상황 | M29: 3. 소모품 사용 현황 | AC29: ← 소모품 사용 현황만 수기로 입력해 주세요 차후 백데이터에서 연동되도록 하겠습니다.
B30: No | C30: 펠렛기 | D30: 유형 | E30: 시작 | F30: 종료 | G30: (분) | H30: 내용 | M30: 구분 | N30: 항목 | O30: 일련번호 | R30: 사용량 | S30: 사용량 누계 | U30: 오버홀 후 누적 가동 시간 | W30: 재생횟수 | X30: 누적생산 | Z30: 마모도(양호,불량)
B31: 1 | C31: =IFERROR(INDEX('[93]가공(백데이터)'!AC$5:AC$9224,1/LARGE(INDEX(('[93]가공(백데이터)'!$B$6:$B$9224='생산일지(가공)(MES)'!$E$2)/ROW('[93]가공(백데이터)'!$A$6:$A$9224),),ROW('[93]가공(백데이터)'!A1))-4),"") -> 0 | D31: =IFERROR(INDEX('[93]가공(백데이터)'!AD$5:AD$9224,1/LARGE(INDEX(('[93]가공(백데이터)'!$B$6:$B$9224='생산일지(가공)(MES)'!$E$2)/ROW('[93]가공(백데이터)'!$A$6:$A$9224),),ROW('[93]가공(백데이터)'!B1))-4),"") -> 0 | E31: =IFERROR(INDEX('[93]가공(백데이터)'!AE$5:AE$9224,1/LARGE(INDEX(('[93]가공(백데이터)'!$B$6:$B$9224='생산일지(가공)(MES)'!$E$2)/ROW('[93]가공(백데이터)'!$A$6:$A$9224),),ROW('[93]가공(백데이터)'!C1))-4),"") -> 0 | F31: =IFERROR(INDEX('[93]가공(백데이터)'!AF$5:AF$9224,1/LARGE(INDEX(('[93]가공(백데이터)'!$B$6:$B$9224='생산일지(가공)(MES)'!$E$2)/ROW('[93]가공(백데이터)'!$A$6:$A$9224),),ROW('[93]가공(백데이터)'!D1))-4),"") -> 0 | G31: =IFERROR(INDEX('[93]가공(백데이터)'!AG$5:AG$9224,1/LARGE(INDEX(('[93]가공(백데이터)'!$B$6:$B$9224='생산일지(가공)(MES)'!$E$2)/ROW('[93]가공(백데이터)'!$A$6:$A$9224),),ROW('[93]가공(백데이터)'!E1))-4),"") -> 0 | H31: =IFERROR(INDEX('[93]가공(백데이터)'!AH$5:AH$9224,1/LARGE(INDEX(('[93]가공(백데이터)'!$B$6:$B$9224='생산일지(가공)(MES)'!$E$2)/ROW('[93]가공(백데이터)'!$A$6:$A$9224),),ROW('[93]가공(백데이터)'!F1))-4),"") -> 0 | I31: =IFERROR(INDEX('[93]가공(백데이터)'!AI$6:AI$9224,1/LARGE(INDEX(('[93]가공(백데이터)'!$B$6:$B$9224='생산일지(가공)(MES)'!$E$2)/ROW('[93]가공(백데이터)'!$A$6:$A$9224),),ROW('[93]가공(백데이터)'!G1))-4),"") -> 0 | J31: =IFERROR(INDEX('[93]가공(백데이터)'!AJ$6:AJ$9224,1/LARGE(INDEX(('[93]가공(백데이터)'!$B$6:$B$9224='생산일지(가공)(MES)'!$E$2)/ROW('[93]가공(백데이터)'!$A$6:$A$9224),),ROW('[93]가공(백데이터)'!H1))-4),"") -> 0 | K31: =IFERROR(INDEX('[93]가공(백데이터)'!AK$6:AK$9224,1/LARGE(INDEX(('[93]가공(백데이터)'!$B$6:$B$9224='생산일지(가공)(MES)'!$E$2)/ROW('[93]가공(백데이터)'!$A$6:$A$9224),),ROW('[93]가공(백데이터)'!I1))-4),"") -> 0 | L31: =IFERROR(INDEX('[93]가공(백데이터)'!AL$6:AL$9224,1/LARGE(INDEX(('[93]가공(백데이터)'!$B$6:$B$9224='생산일지(가공)(MES)'!$E$2)/ROW('[93]가공(백데이터)'!$A$6:$A$9224),),ROW('[93]가공(백데이터)'!J1))-4),"") -> 0 | M31: 1호기 | N31: 4.2Φ | Z31: 양호 | AA31: 불량
B32: 2 | C32: =IFERROR(INDEX('[93]가공(백데이터)'!AC$5:AC$9224,1/LARGE(INDEX(('[93]가공(백데이터)'!$B$6:$B$9224='생산일지(가공)(MES)'!$E$2)/ROW('[93]가공(백데이터)'!$A$6:$A$9224),),ROW('[93]가공(백데이터)'!A2))-4),"") -> 0 | D32: =IFERROR(INDEX('[93]가공(백데이터)'!AD$5:AD$9224,1/LARGE(INDEX(('[93]가공(백데이터)'!$B$6:$B$9224='생산일지(가공)(MES)'!$E$2)/ROW('[93]가공(백데이터)'!$A$6:$A$9224),),ROW('[93]가공(백데이터)'!B2))-4),"") -> 0 | E32: =IFERROR(INDEX('[93]가공(백데이터)'!AE$5:AE$9224,1/LARGE(INDEX(('[93]가공(백데이터)'!$B$6:$B$9224='생산일지(가공)(MES)'!$E$2)/ROW('[93]가공(백데이터)'!$A$6:$A$9224),),ROW('[93]가공(백데이터)'!C2))-4),"") -> 0 | F32: =IFERROR(INDEX('[93]가공(백데이터)'!AF$5:AF$9224,1/LARGE(INDEX(('[93]가공(백데이터)'!$B$6:$B$9224='생산일지(가공)(MES)'!$E$2)/ROW('[93]가공(백데이터)'!$A$6:$A$9224),),ROW('[93]가공(백데이터)'!D2))-4),"") -> 0 | G32: =IFERROR(INDEX('[93]가공(백데이터)'!AG$5:AG$9224,1/LARGE(INDEX(('[93]가공(백데이터)'!$B$6:$B$9224='생산일지(가공)(MES)'!$E$2)/ROW('[93]가공(백데이터)'!$A$6:$A$9224),),ROW('[93]가공(백데이터)'!E2))-4),"") -> 0 | H32: =IFERROR(INDEX('[93]가공(백데이터)'!AH$5:AH$9224,1/LARGE(INDEX(('[93]가공(백데이터)'!$B$6:$B$9224='생산일지(가공)(MES)'!$E$2)/ROW('[93]가공(백데이터)'!$A$6:$A$9224),),ROW('[93]가공(백데이터)'!F2))-4),"") -> 0 | I32: =IFERROR(INDEX('[93]가공(백데이터)'!AI$6:AI$9224,1/LARGE(INDEX(('[93]가공(백데이터)'!$B$6:$B$9224='생산일지(가공)(MES)'!$E$2)/ROW('[93]가공(백데이터)'!$A$6:$A$9224),),ROW('[93]가공(백데이터)'!G2))-4),"") -> 0 | J32: =IFERROR(INDEX('[93]가공(백데이터)'!AJ$6:AJ$9224,1/LARGE(INDEX(('[93]가공(백데이터)'!$B$6:$B$9224='생산일지(가공)(MES)'!$E$2)/ROW('[93]가공(백데이터)'!$A$6:$A$9224),),ROW('[93]가공(백데이터)'!H2))-4),"") -> 0 | K32: =IFERROR(INDEX('[93]가공(백데이터)'!AK$6:AK$9224,1/LARGE(INDEX(('[93]가공(백데이터)'!$B$6:$B$9224='생산일지(가공)(MES)'!$E$2)/ROW('[93]가공(백데이터)'!$A$6:$A$9224),),ROW('[93]가공(백데이터)'!I2))-4),"") -> 0 | L32: =IFERROR(INDEX('[93]가공(백데이터)'!AL$6:AL$9224,1/LARGE(INDEX(('[93]가공(백데이터)'!$B$6:$B$9224='생산일지(가공)(MES)'!$E$2)/ROW('[93]가공(백데이터)'!$A$6:$A$9224),),ROW('[93]가공(백데이터)'!J2))-4),"") -> 0 | N32: 3.2Φ | Z32: 양호 | AA32: 불량
B33: 3 | C33: =IFERROR(INDEX('[93]가공(백데이터)'!AC$5:AC$9224,1/LARGE(INDEX(('[93]가공(백데이터)'!$B$6:$B$9224='생산일지(가공)(MES)'!$E$2)/ROW('[93]가공(백데이터)'!$A$6:$A$9224),),ROW('[93]가공(백데이터)'!A3))-4),"") -> 0 | D33: =IFERROR(INDEX('[93]가공(백데이터)'!AD$5:AD$9224,1/LARGE(INDEX(('[93]가공(백데이터)'!$B$6:$B$9224='생산일지(가공)(MES)'!$E$2)/ROW('[93]가공(백데이터)'!$A$6:$A$9224),),ROW('[93]가공(백데이터)'!B3))-4),"") -> 0 | E33: =IFERROR(INDEX('[93]가공(백데이터)'!AE$5:AE$9224,1/LARGE(INDEX(('[93]가공(백데이터)'!$B$6:$B$9224='생산일지(가공)(MES)'!$E$2)/ROW('[93]가공(백데이터)'!$A$6:$A$9224),),ROW('[93]가공(백데이터)'!C3))-4),"") -> 0 | F33: =IFERROR(INDEX('[93]가공(백데이터)'!AF$5:AF$9224,1/LARGE(INDEX(('[93]가공(백데이터)'!$B$6:$B$9224='생산일지(가공)(MES)'!$E$2)/ROW('[93]가공(백데이터)'!$A$6:$A$9224),),ROW('[93]가공(백데이터)'!D3))-4),"") -> 0 | G33: =IFERROR(INDEX('[93]가공(백데이터)'!AG$5:AG$9224,1/LARGE(INDEX(('[93]가공(백데이터)'!$B$6:$B$9224='생산일지(가공)(MES)'!$E$2)/ROW('[93]가공(백데이터)'!$A$6:$A$9224),),ROW('[93]가공(백데이터)'!E3))-4),"") -> 0 | H33: =IFERROR(INDEX('[93]가공(백데이터)'!AH$5:AH$9224,1/LARGE(INDEX(('[93]가공(백데이터)'!$B$6:$B$9224='생산일지(가공)(MES)'!$E$2)/ROW('[93]가공(백데이터)'!$A$6:$A$9224),),ROW('[93]가공(백데이터)'!F3))-4),"") -> 0 | I33: =IFERROR(INDEX('[93]가공(백데이터)'!AI$6:AI$9224,1/LARGE(INDEX(('[93]가공(백데이터)'!$B$6:$B$9224='생산일지(가공)(MES)'!$E$2)/ROW('[93]가공(백데이터)'!$A$6:$A$9224),),ROW('[93]가공(백데이터)'!G3))-4),"") -> 0 | J33: =IFERROR(INDEX('[93]가공(백데이터)'!AJ$6:AJ$9224,1/LARGE(INDEX(('[93]가공(백데이터)'!$B$6:$B$9224='생산일지(가공)(MES)'!$E$2)/ROW('[93]가공(백데이터)'!$A$6:$A$9224),),ROW('[93]가공(백데이터)'!H3))-4),"") -> 0 | K33: =IFERROR(INDEX('[93]가공(백데이터)'!AK$6:AK$9224,1/LARGE(INDEX(('[93]가공(백데이터)'!$B$6:$B$9224='생산일지(가공)(MES)'!$E$2)/ROW('[93]가공(백데이터)'!$A$6:$A$9224),),ROW('[93]가공(백데이터)'!I3))-4),"") -> 0 | L33: =IFERROR(INDEX('[93]가공(백데이터)'!AL$6:AL$9224,1/LARGE(INDEX(('[93]가공(백데이터)'!$B$6:$B$9224='생산일지(가공)(MES)'!$E$2)/ROW('[93]가공(백데이터)'!$A$6:$A$9224),),ROW('[93]가공(백데이터)'!J3))-4),"") -> 0 | N33: 롤 러 | Z33: 양호 | AA33: 불량
B34: 4 | N34: 크럼블러 | Z34: 양호 | AA34: 불량
B35: 6 | M35: 2호기 | N35: 4.2Φ | Z35: 양호 | AA35: 불량
B36: 7 | N36: 3.2Φ | Z36: 양호 | AA36: 불량
B37: 8 | C37: =IFERROR(INDEX('[93]가공(백데이터)'!AC$5:AC$9224,1/LARGE(INDEX(('[93]가공(백데이터)'!$B$6:$B$9224='생산일지(가공)(MES)'!$E$2)/ROW('[93]가공(백데이터)'!$A$6:$A$9224),),ROW('[93]가공(백데이터)'!A7))-4),"") -> 0 | D37: =IFERROR(INDEX('[93]가공(백데이터)'!AD$5:AD$9224,1/LARGE(INDEX(('[93]가공(백데이터)'!$B$6:$B$9224='생산일지(가공)(MES)'!$E$2)/ROW('[93]가공(백데이터)'!$A$6:$A$9224),),ROW('[93]가공(백데이터)'!B7))-4),"") -> 0 | E37: =IFERROR(INDEX('[93]가공(백데이터)'!AE$5:AE$9224,1/LARGE(INDEX(('[93]가공(백데이터)'!$B$6:$B$9224='생산일지(가공)(MES)'!$E$2)/ROW('[93]가공(백데이터)'!$A$6:$A$9224),),ROW('[93]가공(백데이터)'!C7))-4),"") -> 0 | F37: =IFERROR(INDEX('[93]가공(백데이터)'!AF$5:AF$9224,1/LARGE(INDEX(('[93]가공(백데이터)'!$B$6:$B$9224='생산일지(가공)(MES)'!$E$2)/ROW('[93]가공(백데이터)'!$A$6:$A$9224),),ROW('[93]가공(백데이터)'!D7))-4),"") -> 0 | G37: =IFERROR(INDEX('[93]가공(백데이터)'!AG$5:AG$9224,1/LARGE(INDEX(('[93]가공(백데이터)'!$B$6:$B$9224='생산일지(가공)(MES)'!$E$2)/ROW('[93]가공(백데이터)'!$A$6:$A$9224),),ROW('[93]가공(백데이터)'!E7))-4),"") -> 0 | H37: =IFERROR(INDEX('[93]가공(백데이터)'!AH$5:AH$9224,1/LARGE(INDEX(('[93]가공(백데이터)'!$B$6:$B$9224='생산일지(가공)(MES)'!$E$2)/ROW('[93]가공(백데이터)'!$A$6:$A$9224),),ROW('[93]가공(백데이터)'!F7))-4),"") -> 0 | I37: =IFERROR(INDEX('[93]가공(백데이터)'!AI$6:AI$9224,1/LARGE(INDEX(('[93]가공(백데이터)'!$B$6:$B$9224='생산일지(가공)(MES)'!$E$2)/ROW('[93]가공(백데이터)'!$A$6:$A$9224),),ROW('[93]가공(백데이터)'!G7))-4),"") -> 0 | J37: =IFERROR(INDEX('[93]가공(백데이터)'!AJ$6:AJ$9224,1/LARGE(INDEX(('[93]가공(백데이터)'!$B$6:$B$9224='생산일지(가공)(MES)'!$E$2)/ROW('[93]가공(백데이터)'!$A$6:$A$9224),),ROW('[93]가공(백데이터)'!H7))-4),"") -> 0 | K37: =IFERROR(INDEX('[93]가공(백데이터)'!AK$6:AK$9224,1/LARGE(INDEX(('[93]가공(백데이터)'!$B$6:$B$9224='생산일지(가공)(MES)'!$E$2)/ROW('[93]가공(백데이터)'!$A$6:$A$9224),),ROW('[93]가공(백데이터)'!I7))-4),"") -> 0 | L37: =IFERROR(INDEX('[93]가공(백데이터)'!AL$6:AL$9224,1/LARGE(INDEX(('[93]가공(백데이터)'!$B$6:$B$9224='생산일지(가공)(MES)'!$E$2)/ROW('[93]가공(백데이터)'!$A$6:$A$9224),),ROW('[93]가공(백데이터)'!J7))-4),"") -> 0 | N37: 롤 러 | Z37: 양호 | AA37: 불량
B38: 9 | C38: =IFERROR(INDEX('[93]가공(백데이터)'!AC$5:AC$9224,1/LARGE(INDEX(('[93]가공(백데이터)'!$B$6:$B$9224='생산일지(가공)(MES)'!$E$2)/ROW('[93]가공(백데이터)'!$A$6:$A$9224),),ROW('[93]가공(백데이터)'!A9))-4),"") | D38: =IFERROR(INDEX('[93]가공(백데이터)'!AD$5:AD$9224,1/LARGE(INDEX(('[93]가공(백데이터)'!$B$6:$B$9224='생산일지(가공)(MES)'!$E$2)/ROW('[93]가공(백데이터)'!$A$6:$A$9224),),ROW('[93]가공(백데이터)'!B9))-4),"") | E38: =IFERROR(INDEX('[93]가공(백데이터)'!AE$5:AE$9224,1/LARGE(INDEX(('[93]가공(백데이터)'!$B$6:$B$9224='생산일지(가공)(MES)'!$E$2)/ROW('[93]가공(백데이터)'!$A$6:$A$9224),),ROW('[93]가공(백데이터)'!C9))-4),"") | F38: =IFERROR(INDEX('[93]가공(백데이터)'!AF$5:AF$9224,1/LARGE(INDEX(('[93]가공(백데이터)'!$B$6:$B$9224='생산일지(가공)(MES)'!$E$2)/ROW('[93]가공(백데이터)'!$A$6:$A$9224),),ROW('[93]가공(백데이터)'!D9))-4),"") | G38: =IFERROR(INDEX('[93]가공(백데이터)'!AG$5:AG$9224,1/LARGE(INDEX(('[93]가공(백데이터)'!$B$6:$B$9224='생산일지(가공)(MES)'!$E$2)/ROW('[93]가공(백데이터)'!$A$6:$A$9224),),ROW('[93]가공(백데이터)'!E9))-4),"") | H38: =IFERROR(INDEX('[93]가공(백데이터)'!AH$5:AH$9224,1/LARGE(INDEX(('[93]가공(백데이터)'!$B$6:$B$9224='생산일지(가공)(MES)'!$E$2)/ROW('[93]가공(백데이터)'!$A$6:$A$9224),),ROW('[93]가공(백데이터)'!F9))-4),"") | N38: 크럼블러 | Z38: 양호 | AA38: 불량
B40: 4. 펠렛 개선 요구 사항
